row_idx,title,text,rating,true_label,pred_label,agree,verify_meta
16135,Useful,great.. loved it,3.0,NEGATIVE,POSITIVE,False,True
68851,Five Stars,The perfect Christmas gift for a book-loving co-worker!  She was thrilled!,5.0,POSITIVE,POSITIVE,True,True
130265,"The gift box is nice, but for some unexplained reason","The gift box is nice, but for some unexplained reason, some AMC gift cards are not accepted for online purchases, forcing you to risk showing up to a sold out showing.",2.0,NEGATIVE,NEGATIVE,True,True
18146,Cannot use in Canada?,"They helped out, but they are a pain to use at a gas station. I mean, I actually had to talk to people. Well, ain't nothing better than to hang out and chat with the good ol'country folk. Thanks!",3.0,NEGATIVE,NEGATIVE,True,True
53780,Best way to buy things,Reloading your balance its easy and keeps your money safe for when you wanna use it.,5.0,POSITIVE,POSITIVE,True,True
20037,Two Stars,Great gift,2.0,NEGATIVE,POSITIVE,False,True
75712,What a racket! Waste of time and money!,Came with zero balance on them. Spent an hour on phone with AMC and they assured me they were activated. Did they work at theater? NOPE. called again and got someone who said they can't be activated and there was nothing I could do.,1.0,NEGATIVE,NEGATIVE,True,False
19263,Just okay,It worked and everything but it came in sketchy packaging.,3.0,NEGATIVE,NEGATIVE,True,True
150062,A bit confusing? But it does what it’s supposed to!,"Bought 2 of these packs for my team as a thank you, so spent a fair amount of money. Went to check the Chipotle website for balances (just in case, I had read the reviews on these cards and wanted to be safe), and none of the cards were active according to the website or couldn’t be found. Called Amazon Customer Support (they were a bit unhelpful honestly) and they told me to go to a Chipotle store to have them check/activate the cards. The Chipotle employee swiped each and they were fully active, correct amounts, and ready for use (they can only activate cards purchased in store and from the company itself).<br />TLDR: Don’t use the Chipotle website to check, go to a store or call their support if you want to check. Also, to clarify for some people, you can’t use a gift card as a partial payment online (like most retailers)! You can do this in store, but online is a no go.",4.0,POSITIVE,NEGATIVE,False,True
97938,Amazon is extremely exra !,It's been well over five minutes still hasn't posted 🙄 u just want to checkout at this point full price and all AMAZON DOES TOO MUCH !,1.0,NEGATIVE,NEGATIVE,True,False
99728,Wouldn’t work,"Was unable to redeem, I did get a refund when I messaged Amazon.",1.0,NEGATIVE,NEGATIVE,True,True
87051,Baby Shower Gift,Something to have when the mother-to-be needs something she didn't get at the shower,5.0,POSITIVE,POSITIVE,True,True
150979,"Cute box, but arrived damaged","Cute box, unusable since it arrived smashed and torn.",2.0,NEGATIVE,NEGATIVE,True,True
36216,Perfect for Xmas,Great gift wrapping,5.0,POSITIVE,POSITIVE,True,True
149602,prime discount,did not like that i did not get my prime membership discount on the $50.00 gift card  my prime membership was in effect,3.0,NEGATIVE,NEGATIVE,True,True
85633,Seamless and easy to use,Seamless and easy to use. I've never bought or reload Amazon money before and it makes this a no brainer,4.0,POSITIVE,POSITIVE,True,True
48716,"FAKE-code does not work, not returnable","DO NOT BUY- Redeem code does not work.  These are not returnable and to get your money back, you’ll have to write a letter to an Arbitrator.  This should be illegal!",1.0,NEGATIVE,NEGATIVE,True,True
128042,Didn't get extra 10%,"Didn't get extra 10% when reloaded although clicked on ad for extra 10% and had gotten it before; saw some fine print afterwards later saying can only do once. Is that per year, per lifetime?",2.0,NEGATIVE,NEGATIVE,True,True
105562,Obscured Decorative Gift Tin,"I've bought these in past several years and have been pleased. This year these decorative tins come wrapped in plastic with a giant instruction sheet stating that the gift card must be redeemed on amazon.com/redeem and a small bit of other wording. This instruction sheet is almost the same size as the tin and, therefore, almost completely obscures it. Poorly designed. This item is not decorative as shown in the photo. Buzz kill.",2.0,NEGATIVE,NEGATIVE,True,True
50090,n/a,n/a,2.0,NEGATIVE,POSITIVE,False,True
25208,Loading the amount took FOREVER...,"TOOK FOREVER for my card to reload... I waited and waited...<br />I was waiting to make my purchase because a coupon came with my reload...<br />Order processed for hours, I really expected it to be INSTANT.",3.0,NEGATIVE,NEGATIVE,True,False
104648,Five Stars,Thanks for the extra cash for buying gift card for a place I regularly use anyway!,5.0,POSITIVE,POSITIVE,True,True
109843,Don’t purchase if you have a family or student account!,Bought this for my friend’s birthday and cannot use due to her student account. I love Spotify but am very disappointed by the lack of description and options for gift cards to use their service.,1.0,NEGATIVE,NEGATIVE,True,True
41764,I dont think it was delivered.,a Christmas gift card/.<br />sure would like to know,2.0,NEGATIVE,NEGATIVE,True,True
134562,Unreloadable,What be more beneficial if the card was reloadable,2.0,NEGATIVE,NEGATIVE,True,True
85307,Cheap gift box,Gift card gets stuck inside box,3.0,NEGATIVE,NEGATIVE,True,True
144084,Thanks for the great option,I was able to get the food products I wanted on Amazon for the holiday season by reloading my gift card balance.,4.0,POSITIVE,POSITIVE,True,True
99840,Did not get $10 credit,The review title says it all. I reloaded my card in expectation of receiving a $10 bonus and got nothing.,1.0,NEGATIVE,NEGATIVE,True,True
62095,Amazon Gift Card vs Amazon Credit Card,"I purchased some DVDs shortly after Christmas 2011 and selected the payment option to apply was the Amazon credit card, however the Amazon gift card was applied. I was going to use the Amazon gift card toward something  in a higher price category but for whatever reason the credit card has used. This was a disappointment. If you have both a Amazon credit card and gift card as payment options, be sure the selected option is the one you wish to use.",3.0,NEGATIVE,NEGATIVE,True,False
71214,"Mike Marshall great, ArtistWorks not so much.","Mike Marshall is superb.  The lessons are superb.<br />ArtistWorks however feels that they have the lifetime right to hit your credit or paypal account.  Fine, you paid in full, and have not used them for a year, they still want your money.  It is sad that Mike Marshall is associated with such an interesting company.",1.0,NEGATIVE,NEGATIVE,True,False
104137,Inept customer service and broken system. Lucky if you can get this to work.,"I got this to reload successfully once out of 5 times. The rest of the time it says that my bank is declining. I called the bank and they have no idea what I'm talking about. Using the same information, I did manage to get this to work once before. I called up Amazon customer support and the guy started arguing with me saying that it's not possible to reload with a bank account and that it can only be done with a debit/credit card. I read THEIR OWN WEB PAGE back to the guy and he said that he would send me a link that he's reading and tried to end the call. Bad customer service and bad product roll out. Wasted an hour of my time for what, $2.30? Ridiculous.",1.0,NEGATIVE,NEGATIVE,True,True
141704,Four Stars,Nice teddy. This is my second,4.0,POSITIVE,POSITIVE,True,True
104557,Gift Cards Galore,love that Amazon carries gift cards other than their own and ones you can't get in a regular store but only purchase by going to the restaurant or place of business.  Makes holiday shopping so much easier!,5.0,POSITIVE,POSITIVE,True,True
69175,Good Buy.,You pay less than $100. You get more than what you pay for. Not bad!,4.0,POSITIVE,POSITIVE,True,True
68720,Four Stars,As described.,4.0,POSITIVE,POSITIVE,True,True
94885,thaks,the product was a christmas grift,4.0,POSITIVE,POSITIVE,True,True
128141,Not really giftable,The scope for this gift card is a little limited.,3.0,NEGATIVE,NEGATIVE,True,True
135621,Gave as a gift. Have not heard from use ...,Gave as a gift.  Have not heard from use.,4.0,POSITIVE,NEGATIVE,False,True
32156,Three Stars,"Gift card worked perfectly, food was and service was nasty though.",3.0,NEGATIVE,NEGATIVE,True,True
116272,"Bought 5 different cards, with different amounts, and ...","Bought 5 different cards, with different amounts, and I had to check them online to figure out which card was for which amount. It should say the amount on the packaging.",3.0,NEGATIVE,NEGATIVE,True,True
81263,Easy and convenient,Nice gift.  Cane very nicely presented.  Will do again.,4.0,POSITIVE,POSITIVE,True,True
138026,Pointless and frustrating system for gift cards!,"I wanted an item that was 300.00 after tax and shipping was free and was given 3 different gift cards for 100.00 each for the 300.00 item I wanted!<br /><br />I have my credit card on my account from a past order but wasn't prepared to use it for the item I wanted.... I checked the box saying I wanted to use the 300.00 gift card balance option it gave me  and since the gift cards were 100.00 each, they used 1 of the 100.00 cards and charged the rest to my unprepared cedit card... I was shocked!<br /><br />I wasnt prepared for that with my credit card especially after the holidays, so of course it declined the extra 200.00 I was expecting the gift cards to have covered....<br />and I wanted to use the 300.00 in gift cards, not my credit card on my account from previous use of Amazon.<br /><br /> I called customer service and kept getting a woman who I could not understand, telling me the same thing over and over as if she was reading from a script to me, telling me she couldnt help me and would forward my issue to another department and they would get back with me by email within 12 hours.<br /><br />I get an email later stating i need to choose another payment method, as my credit card delined! UM, DUH! I didnt wish to use my card, I wanted to use the gift card balance!!<br /><br />So, I wrote to explain this back to them and no answer, it has been a week, and my order was cancelled.<br /><br />I still have a 300.00 gift card balance but cant use it for the 300.00 item I wanted only can use 100.00 at a time! RETARDED!<br /><br />This is the 3rd issue with amazon gift cards I have encountered!",1.0,NEGATIVE,NEGATIVE,True,False
115560,Four Stars,the recipient of the gift was pleased.,4.0,POSITIVE,POSITIVE,True,True
48896,cards okay for teens,Grand daughter liked used.,4.0,POSITIVE,POSITIVE,True,True
17330,"bent,scratched","Always arrive bent,scratched and looking like they were dumped on the warehouse floor and walked-on. Nice gift for me to put in my kid's birthday cards and etc??!!",2.0,NEGATIVE,NEGATIVE,True,True
53020,Convenient,Awesome,5.0,POSITIVE,POSITIVE,True,True
85724,Nice look but only men’s socks.,I guess I didn’t look closely enough to see that these are men’s socks. There was no option for choosing women’s socks. I couldn’t use the socks. I had to just remove the gift card and put it in a Christmas card.,3.0,NEGATIVE,NEGATIVE,True,True
109502,There was no money loaded on the gift card,Order this for a Christmas gift and there was no money on it when the person I gave it to went to use it.  I felt horrible! I’m not sure what happened but very disappointing!,1.0,NEGATIVE,NEGATIVE,True,True
92089,Don't expect everything you are promised!,"5 gift cards were purchased as gifts and were marked as such, when ordered.  None included the gift card promised, one had some (not the entire wording) of the requested gift label, but printed on a piece of paper.  The others had nothing at all!",1.0,NEGATIVE,NEGATIVE,True,False
25782,service fee to buy,"great christmas gift, just hate having to pay almost $6 for it tho",4.0,POSITIVE,NEGATIVE,False,True
6379,Five Stars,It's a gift card.,5.0,POSITIVE,POSITIVE,True,True
134983,Four Stars,it's OK,4.0,POSITIVE,POSITIVE,True,True
89619,"I worked, but I'm unlikely to use it again ...","I worked, but I'm unlikely to use it again, because I don't need another single function app on my phone/pad",3.0,NEGATIVE,NEGATIVE,True,True
148262,Don't believe 1 day shipping,I ordered this on Sunday.  It was advertised as free 1 day shipping and would be here by Tuesday.  I guess you get what you pay for.  The Gift box did not show up until late Thursday afternoon.,2.0,NEGATIVE,NEGATIVE,True,True
10978,Five Stars,It was for my son and he loves the place.,5.0,POSITIVE,POSITIVE,True,True
49760,Five Stars,Great,5.0,POSITIVE,POSITIVE,True,True
29274,Fun way for gift certificates!,Great process for gift card exchange!,1.0,NEGATIVE,POSITIVE,False,True
144916,Totally easy,Ive actually redeemed a few of these. Its so easy i think i could do it in my sleep now...,4.0,POSITIVE,POSITIVE,True,True
60895,Four Stars,arrived on time and was appreciated!,4.0,POSITIVE,POSITIVE,True,True
112019,Great product!,Great little gift!,5.0,POSITIVE,POSITIVE,True,True
136075,Bent card,"The way the gift card was packaged made it curved, and it looked like the card didn't fully fit in the box. The card was fine and the pop up parts of the box worked well and helped spice up the gift card.",4.0,POSITIVE,POSITIVE,True,True
13298,"Nice package, boring card","I was disappointed because all the other cards I ordered looked festive and appropriate for the Christmas packaging, but this one is the standard plain Amazon gift card and does not have a $ amount written on it.  The other $50 cards I ordered are clearly marked $50 on the face of the card, so was the $25 giftcard.",3.0,NEGATIVE,NEGATIVE,True,True
112643,The birthday greeting I added was not included and the ...,The birthday greeting I added was not included and the recipient did not know who the gift card was from. Very disappointing. :-(,2.0,NEGATIVE,NEGATIVE,True,False
9774,Ease of use!,Wish I could use it to pot chase visa gift cards.,5.0,POSITIVE,NEGATIVE,False,True
120163,I never received this card with the serial number indicated ...,I never received this card with the serial number indicated. Instead I received one that the  claim code was canceled. My daughter is out of $50,1.0,NEGATIVE,NEGATIVE,True,True
94807,Timing,Great deal,4.0,POSITIVE,POSITIVE,True,True
102122,Warning!!!  This card is not safe or secure,Warning!!!  This card was hacked and money was stolen before I could use it!  Not a safe product at all!,1.0,NEGATIVE,NEGATIVE,True,True
8333,rejected,"I bought these and passed them out as stocking stuffers. Only a few worked. Apparently, they had not been swiped before being sent. I am unhappy.",2.0,NEGATIVE,NEGATIVE,True,True
45355,Three Stars,The metal &#34;snowflake&#34; tin had a dent in it.<br />It is for a gift.<br />I was very disappointed,3.0,NEGATIVE,NEGATIVE,True,True
13877,Fast shipping.,Came in as expected.,5.0,POSITIVE,POSITIVE,True,False
128158,not accepted,It is not accepted in Georgia in the restaurants named on the card,1.0,NEGATIVE,NEGATIVE,True,True
38034,2nd time is the charm!,I reloaded about 3 weeks ago to get the $10 credit and did not receive it. I tried it again this time and immediately got the $10 credit.,1.0,NEGATIVE,POSITIVE,False,True
104963,Auto-insertion into Wish List is pathetic!,"Title is self-explanatory. Amazon please don't put your recommendations on people's lists. I'm not sure how much the company paid you to place its ""gift card"" purchase option--which conveniently matches the actual amount of an Amazon gift card I have--but, this type of ""help"" is neither requested nor appreciated.",1.0,NEGATIVE,NEGATIVE,True,False
120369,One Star,there was only a dollar in my card when I ordered it. played me!!,1.0,NEGATIVE,NEGATIVE,True,True
38107,If it is a gift maybe go into the store,"The gift card works fine and the convenience was amazing. The condition of the gift card after it arrived....not so much. To use my daughters words, they dropped it on the ground and then walked on it all day, picked it up and shoved it in the packaging without even wiping it off.",2.0,NEGATIVE,NEGATIVE,True,True
2839,Five Stars,Perfect gift!,5.0,POSITIVE,POSITIVE,True,True
14602,Nice buy,2 out of 3 were really nice.  Good quality,4.0,POSITIVE,POSITIVE,True,True
81688,Five Stars,"This was an excellent purchase! The quickest shipped item I've ever gotten, too! XD",5.0,POSITIVE,POSITIVE,True,False
94411,Dont trust the amount on it,Worked but it only had $20 instead of $25 :/,2.0,NEGATIVE,NEGATIVE,True,True
106499,Cute idea but....,Cute idea but came bent with a cease in it and gift card looked beat up.,2.0,NEGATIVE,NEGATIVE,True,True
86579,Great gift idea - Recipient gets exactly what they want,I love the clearly stated denomination value. No guessing how much value is on the card.<br />Nice envelope packaging for a baby shower.  My daughter wanted $700 jogging stroller and this was a great way multiple friends can anonymously chip in whatever they can afford.<br />Great delivery time - Very fast.,5.0,POSITIVE,POSITIVE,True,True
131172,For me to spend,Good to go,4.0,POSITIVE,POSITIVE,True,True
11071,Super,nice alternative for a gift,5.0,POSITIVE,POSITIVE,True,True
12520,Easy to use to give netflix as a gift,"Easy to use to give netflix as a gift.  Dad loved it.  Super convenient, however it would be easier to have Netflix &#34;subscriptions&#34; as gifts.",3.0,NEGATIVE,POSITIVE,False,True
76507,Great gift,Made a nice gift,5.0,POSITIVE,POSITIVE,True,True
51935,Easy ans convenient,Easy to use !,5.0,POSITIVE,POSITIVE,True,True
45249,Check the dollar amount upon receipt,"Buyer beware, when you get your gift cards, double check the dollar amount.  I ordered a $50, and got a $25!!!",2.0,NEGATIVE,NEGATIVE,True,True
64413,Redeem before received non refundable,"The Amazon card was redeemed before it was delivered to my house, called costumer service 6 times now, keep being told I will get a message in two days. Nothing but lies, I’m out 250 for buying an Amazon gift card, don’t BUY !!!!",1.0,NEGATIVE,NEGATIVE,True,True
55757,Great value,Made Christmas super easy,4.0,POSITIVE,POSITIVE,True,True
40506,Difficult to use,"The price was good and even sweeter combined with hotels.com’s rewards for extra night. However, hotels.com’s gift card interface is very difficult to use. First, you have to enter from the gift card section of the website to search and make bookings if you want to use gift cards, which can be cumbersome. It’s easier to apply points using their app. Second, not all bookings allow gift card use, and when you want to use it they deduct points right away even if the booking is still within free cancellation time. No option to pay later. When you cancel they issue you a new card number instead of putting the balance back to the old card, and it says it could take couple hours. In my experience the refund is issued within minutes. Lastly, their website tool for combining and viewing gift card balance is constantly down and you have to call them to do this simple function.",3.0,NEGATIVE,NEGATIVE,True,True
107472,Gift card,Came in in one piece and easy to use,5.0,POSITIVE,POSITIVE,True,True
101839,Complicated and Confusing,"I had previously written a review on these types of cards under the guidelines for the reviews. HOWEVER, it was rejected since it was not covering an item. But alas it was. I had requested a refund on two items and while I received an email that the refund was processed, shortly thereafter I got another email for an amazon gift card and what was the amount I wanted on it. I followed the steps thinking it would be credited to my debit card (which I had used for the original payment) but instead loaded it unto an amazon gift card and took double the original amount. As quick as they are to take the money out of my account, it still took 3-5 business days to get my money back. If you are issuing a refund to the original card used, do not complicate the process by then sending an email for an amazon gift card that was neither wanted or requested. The refund process should be clear and remove the amazon gift card email if that is not what is requested or wanted by the client.",1.0,NEGATIVE,NEGATIVE,True,True
47954,Three Stars,Not really heavy enough to be called a sweat shirt.,3.0,NEGATIVE,NEGATIVE,True,True
135941,Two Stars,Bad,2.0,NEGATIVE,NEGATIVE,True,True
141658,Would not purchase again,I bought this just as a way of purchasing a few things online without having to use my credit or debit card all the time but there started to be purchases that I didn't make on the card and the only way that I knew was that a purchase was declined. I went to the website and the customer service number and couldn't get access to my transactions. I was finally able to talk to a customer service agent who informs me that there was a purchase made with my card that I did not authorize that wiped out my remaining balance. He assured me that it would be resolved and I would receive the funds back but needless to say I not only did not receive the funds back but they deactivated my card altogether.,2.0,NEGATIVE,NEGATIVE,True,True
29215,Broken package,"I ordered three cards with slides: one is already broken, one has no package, and only one of them has full package. These are gift cards and hence are supposed to be gifts for someone. How can I send out a broken gift card?!",2.0,NEGATIVE,NEGATIVE,True,True
145307,Easy,This was  easily done.,3.0,NEGATIVE,POSITIVE,False,True
80814,Amazon.com $100 Gift Card in a Snowflake Tin... Amazon,"It was all good until my boyfriend  carefully peeled off the sticker on back to reveal the code to use the card, the numbers peeled off right with the sticker. He is very careful so I know it's not fault. When he called Amazon to get help, they routed him to a couple different departments that got the information wrong about where it was purchased (Amazon and not a retail outlet) and is still waiting to hear back on resolution. He was told it'll take 2 days. That's not great at all.",2.0,NEGATIVE,NEGATIVE,True,False
12907,Accessibility,Should be accessible through Amazon pay,3.0,NEGATIVE,NEGATIVE,True,True
75553,Three Stars,its a gift card,3.0,NEGATIVE,POSITIVE,False,True
