idx,title,text,rating,true,pred,nrc_emotion,score_anger,score_anticipation,score_disgust,score_fear,score_joy,score_sadness,score_surprise,score_trust,agree
73450,Five Stars,Easy,5.0,POSITIVE,POSITIVE,NO_SIGNAL,0,0,0,0,0,0,0,0,True
102696,Five Stars,It's good chances to give presents for friends and family.,5.0,POSITIVE,POSITIVE,anticipation,0,1,0,0,1,0,1,1,True
104778,Easier!,Quick and no need to go out to the store to buy a gift card!,5.0,POSITIVE,POSITIVE,anticipation,0,2,0,0,1,0,1,0,True
105711,Three Stars,Good.,3.0,NEUTRAL,POSITIVE,anticipation,0,1,0,0,1,0,1,1,False
31167,20 gift card,Its a 20 dollar gift cars,5.0,POSITIVE,NEUTRAL,anticipation,0,2,0,0,2,0,2,0,False
89200,Slow Shipping,"It’s a gift card so nothing to really rate, but I’m withholding 2 stars because shipping took forever.",3.0,NEUTRAL,NEGATIVE,anticipation,0,1,0,0,1,0,1,0,False
101597,Doesn't work,"Gift card doesn't work, been trying for a year and a half and it's never worked",1.0,NEGATIVE,NEGATIVE,anticipation,0,1,0,0,1,0,1,0,True
146848,Shame,$0 gift card send to me I thought I was ordering a $25 gift card! I had to call Amazon to get a new one.,1.0,NEGATIVE,NEGATIVE,anticipation,0,3,1,1,2,1,2,0,True
115556,Five Stars,Just as described.,5.0,POSITIVE,POSITIVE,NO_SIGNAL,0,0,0,0,0,0,0,0,True
136870,Dirty,Gift Card is not in the best shape and the gift card holder is dirty. Disappointed in the condition it came in for a gift for someone else,3.0,NEUTRAL,NEGATIVE,anticipation,1,3,3,0,3,1,3,0,False
21279,Easy to use,Easy to use,3.0,NEUTRAL,POSITIVE,NO_SIGNAL,0,0,0,0,0,0,0,0,False
106331,Speedy!,It processed in 10 minutes. It was very useful and it was VERY quick!,5.0,POSITIVE,POSITIVE,NO_SIGNAL,0,0,0,0,0,0,0,0,True
110980,not activated,wont let me use it,1.0,NEGATIVE,NEGATIVE,anticipation,0,1,0,0,0,0,0,0,True
149372,"Useless, if you can't load the gift cards!!","Not sure if it's just me, but I can't figure out where to access the scanner to activate. The cards I purchased don't have a serial number and the customer service person didn't have a clue! Can someone tell me where the QR code scanner is located??",1.0,NEGATIVE,NEGATIVE,anticipation,0,3,0,0,1,0,1,0,True
39682,Gift,Grandson liked the card and I don't think it mattered what it came in.  I did like the design of the box though and it added a little something to just a card....,5.0,POSITIVE,POSITIVE,anticipation,0,1,0,0,1,0,1,0,True
43570,Extra postage required,"It would have been helpful for Amazon to inform the buyer that mailing this gift card requires extra postage. I put it in a regular greeting card with two stamps. The recipient had to pay $3.40 when it was delivered. This is unacceptable. A heads up would have been greatly appreciated. It is cute, but not $4.60 worth of postage cute. Reading other reviews about a gift receipt not being included when it is shipped from Amazon is not a very good option in my opinion.",3.0,NEUTRAL,NEGATIVE,anticipation,0,5,0,0,5,1,4,4,False
147688,mORE!!!,Wish you had more cards,3.0,NEUTRAL,POSITIVE,NO_SIGNAL,0,0,0,0,0,0,0,0,False
67818,Not What I Expected,"Did not receive bookmark sleeve or the ribbon in stock photos<br /><br />Code is on the back of the bookmark. From the photos thought it was a separate card or voucher. Fell odd when in use; when you flip it over, you see the gift card amount and bar codes. Guess it can be a motivator to finish a book, rewarding yourself after it's done, but only can be used once.<br /><br />Code redemption is a scratch off which is disappointing. Thought they went pass that, and gone with a peel off design. Must have a coin or key handy.<br /><br /> If you use the amazon app you can redeem the amount in seconds: click the camera option and align the boxes with the text code.<br /><br />Shows the amount on the back of the bookmark, so no surprises.<br /><br />Quality of the bookmark is good. Sturdy plastic. Slightly thinner than regular Amazon Gift Card. Is tear-proof, but can be cut with scissors.<br /><br />Essentially just an Amazon Gift Card but in a different form factor: in a shape that can be used as a bookmark",3.0,NEUTRAL,NEUTRAL,anticipation,1,8,0,0,5,2,5,3,True
97614,To remember to pay after you use all of it.,It was very cool.,3.0,NEUTRAL,POSITIVE,anticipation,0,1,0,0,1,0,0,1,False
145131,Take one biz day to reload your balance.,"It takes time to reload your balance, even though your order mail said “ Typically your balance is updated within 5 minutes of your order”. I have contacted the customer service and it said that usually takes 1 business day to reload. Quite a misleading wording from the gift card section in Amazon.",3.0,NEUTRAL,NEGATIVE,anticipation,1,3,1,0,1,0,1,0,False
27574,"Great, thanks","Great, thanks",5.0,POSITIVE,POSITIVE,NO_SIGNAL,0,0,0,0,0,0,0,0,True
103642,Not all Cards work,Bought Subwayway gift cards as a gift for Christmas. Sent them to Granddaughter on Michigan. One of the gift cards did not work. Was not any good.,3.0,NEUTRAL,NEGATIVE,anticipation,0,4,0,0,4,0,4,1,False
33548,Everyone loves an Amazon card,"Makes for a great gift, love the package and ships perfectly",5.0,POSITIVE,POSITIVE,joy,0,1,0,0,2,0,1,0,True
55720,Policy issue,Bought because steam cards were unavailable on Amazon. Wanted to use Best Buy to purchase Steam. Best Buy wouldn’t allow them to be used for that purpose.,3.0,NEUTRAL,NEGATIVE,trust,0,0,0,0,0,0,0,1,False
101989,Good,How can I return  my money to my bank.,3.0,NEUTRAL,NEUTRAL,trust,1,2,0,0,2,0,2,3,True
130406,It worked. No problems.,It worked a solid expected. Nothing about it to make me think that it exceeded my expectations so three stars it is. Maybe offer more increments?,3.0,NEUTRAL,NEUTRAL,anticipation,0,1,0,0,0,0,0,0,True
79199,The envelope is ripped,The envelope is ripped. This is a supposed to be a gift...,3.0,NEUTRAL,NEGATIVE,anticipation,0,1,0,0,1,0,1,0,False
134854,"OMG the most amazing, incredible thing ever","OMG the most amazing, incredible thing ever... Oh wait they are just plastic ordinary gift cards; but I did receive an Amazon promo credit.  5 stars it is.",5.0,POSITIVE,POSITIVE,anticipation,0,2,0,0,1,0,1,1,True
133577,No gift receipt. Can’t verify amout,No gift receipt in box. Can’t verify amount. Will return,1.0,NEGATIVE,NEGATIVE,anticipation,0,2,0,0,2,0,2,0,True
109276,not presentable,This card was delivered to me all messed up with scratches and black markings and was sticky.  I will use it for myself but I cannot give it as a present.,2.0,NEGATIVE,NEGATIVE,anticipation,0,1,1,0,1,1,1,1,True
116689,Glad to have the service but the process seems arcane and confusing,"In attempting to reload a Gift Card Balance, I was very uncertain and unsure as to the pathway and the process.  It could be more user friendly and reassuring.  That said, it all worked out OK.",2.0,NEGATIVE,NEUTRAL,anticipation,1,3,1,1,3,0,2,1,False
144470,Five Stars,Great service and product!,5.0,POSITIVE,POSITIVE,NO_SIGNAL,0,0,0,0,0,0,0,0,True
25209,Cute presentation,Sooo cute,5.0,POSITIVE,POSITIVE,NO_SIGNAL,0,0,0,0,0,0,0,0,True
2441,Hotels. com restricts gift card use to specific hotels ...,Hotels.com restricts gift card use to specific hotels.,3.0,NEUTRAL,NEUTRAL,anticipation,0,2,0,0,2,0,2,0,True
12262,Card was declined!  Useless!,I was unable to use this Pizza Hut gift card.  I ordered pizza and pasta online but card was declined.  I tried entering different numbers on the back of the card but nothing worked.  Could the number be underneath the blocked out area?  Very disappointed.  Marilyn,1.0,NEGATIVE,NEGATIVE,sadness,1,1,1,0,1,3,1,0,True
115270,Got some prepaid cards lying around that can fulfill a ...,Got some prepaid cards lying around that can fulfill a full purchase? Put them in your amazon account! Every dollar counts!,5.0,POSITIVE,POSITIVE,anger,2,0,2,0,2,0,0,1,True
118773,I was riped off,I bought a Texas Roadhouse gift card for my friend.  she tried to use it today 5/2/2019  was no balance  how embarrasing  please send new GOOD one or return my $50  not happy<br /><br />Corena Stiffler,1.0,NEGATIVE,NEGATIVE,joy,0,3,0,0,4,0,2,3,True
59194,I was disappointed because I incorrectly reloaded my gift card,"I was disappointed because I incorrectly reloaded my gift card, and then I sent in a message asking to have the reload rescinded and my credit card credited.  However, no action was ever taken, and the reload remained on my account.  Rather than to pursue it any further, I decided to 'let it go,' but I was not happy with the outcome.",2.0,NEGATIVE,NEGATIVE,anticipation,2,3,2,0,3,2,2,3,True
89976,Five Stars,Conveniently used for PlayStore Card! ;-),5.0,POSITIVE,POSITIVE,NO_SIGNAL,0,0,0,0,0,0,0,0,True
101225,Nice way to gift,Nice way to gift to friends and family,3.0,NEUTRAL,POSITIVE,anticipation,0,2,0,0,2,0,2,0,False
133695,Ten Tin,The recipient thoroughly enjoyed the tin.,5.0,POSITIVE,POSITIVE,anticipation,0,1,0,0,0,0,0,0,True
138294,Damaged Card,Card arrive all damage and looked like it can out of a dumpster somewhere.,1.0,NEGATIVE,NEGATIVE,anger,1,1,1,0,0,1,0,0,True
13576,OK,OK,3.0,NEUTRAL,NEUTRAL,NO_SIGNAL,0,0,0,0,0,0,0,0,True
107382,Three Stars,you can never go wrong for a gift card,3.0,NEUTRAL,POSITIVE,anticipation,0,1,0,0,1,0,1,0,False
39449,I ordered what I thought would be a nice tin case for the gift card,"I ordered what I thought would be a nice tin case for the gift card. No. One corner of the tin was smashed in, three more dents on the top of the tin and multiple scratches on both the top and the bottom. The tin came in a well-padded envelope, so I have to assume that the tin was in poor condition when Amazon packed it.",1.0,NEGATIVE,NEGATIVE,anticipation,0,6,0,2,2,3,2,2,True
133516,Damaged box,"[[VIDEOID:596ff2669773a7c422333cc8d4911df9]] I bought 2 each $100 for my family, one of them arrived damage box, inside the giftcard look bending like they force it to fit the box. This is a gift, the look is matter. Since it is near Chrismas so I can’t replace it otherwise it is going to arrived after Chrismas. So disappointed.",1.0,NEGATIVE,NEGATIVE,anger,3,1,2,1,1,2,1,0,True
75376,Card ripped out of holder,This is a gift…. There’s no gift receipt and card is all ripped up.,1.0,NEGATIVE,NEGATIVE,anticipation,0,2,0,0,2,0,2,0,True
9779,Card,This card was sent to me and it wasn't authorized. I was embarrassed at the restaurant.  I have since been given my money back and told I could use it anyway. Itd not authorized,1.0,NEGATIVE,NEGATIVE,anger,1,1,0,0,1,0,1,1,True
150888,Annoying but. Ok🙄,Takes forever for the order to process out of my account.,1.0,NEGATIVE,NEUTRAL,anger,1,0,0,0,0,0,0,1,False
82997,worst gift package,The gift card package was torn and not in good condition.,1.0,NEGATIVE,NEGATIVE,anticipation,0,3,0,0,3,0,3,1,True
106322,Long processing 4-5 days before it's available on your account. Beware,The processing took 4 -5 days before it's complete. I can't gift a gift card with that long over processing time. Please fix it,3.0,NEUTRAL,NEGATIVE,anticipation,0,6,0,1,2,0,2,1,False
95859,I did not want to RELOAD !,"I finally used my $100 gift card and the last thing I wanted to do was RELOAD another gift card!!!  It was so unclear how to just use my gift card and be done!  I believe YOU made me RELOAD another $100, which was not what I wanted to do.  I only wanted to use the card I had and then I spent 30 minutes on the phone trying to decline the new card which you would not authorize so I had another $100 gift card I did not want but automatically charged to my CC.  I don't want anyone to get me another $100 Gift Card from AMAZON!  Thank you!!!!",1.0,NEGATIVE,NEGATIVE,anticipation,0,6,1,0,6,0,6,2,True
144272,They loved it!,This was a gift for my son and daughter-in-law. They loved it !,5.0,POSITIVE,POSITIVE,joy,0,1,0,0,2,0,1,1,True
107951,EASY TO STEAL.. YOUR  AMAZON MAIL ORDER CARD NUMBER DID NOT WORK..???,EASY TO STEAL.. YOUR  AMAZON MAIL ORDER CARD NUMBER DID NOT WORK..???,1.0,NEGATIVE,NEGATIVE,anger,2,2,0,2,0,2,0,0,True
94255,Former way too add funds to amz balance was MUCH easier.,"AMZ changed mode of loading funds into acct bal - this New way much more difficult. They (AMZ) ""fixed"" something for the Customer that was NOT broken.",3.0,NEUTRAL,NEGATIVE,fear,1,0,0,2,0,1,0,1,False
121477,Thank you,Best card ever,1.0,NEGATIVE,POSITIVE,NO_SIGNAL,0,0,0,0,0,0,0,0,False
32806,Trustworthy,Pretty box,5.0,POSITIVE,POSITIVE,anticipation,0,1,0,0,1,0,0,1,True
703,Works,Thank You,5.0,POSITIVE,POSITIVE,NO_SIGNAL,0,0,0,0,0,0,0,0,True
107770,Late,"Ordered 3 other items, all got here in record time...except the 4th item a gift card which did not show up at all.",2.0,NEGATIVE,NEGATIVE,anticipation,0,2,0,0,1,1,1,1,True
86654,gift card,It was fine to send as agift,3.0,NEUTRAL,POSITIVE,anticipation,0,1,0,0,1,0,1,0,False
100147,Amazon.com Gift Card Balance Reload,I received you payment method from Marriott Rewards.,3.0,NEUTRAL,NEUTRAL,anticipation,0,1,0,0,1,0,1,0,True
143242,One Star,Easy to order & what the couple requested. Quick service!,1.0,NEGATIVE,POSITIVE,anticipation,0,1,0,0,1,0,0,1,False
91,Okay as a gift,"After I bought several I realized I could have sent ""gift"" money via text without the fees or wait.",3.0,NEUTRAL,NEUTRAL,anticipation,1,4,0,0,3,0,3,1,True
97920,Five Stars,Loved it.,5.0,POSITIVE,POSITIVE,NO_SIGNAL,0,0,0,0,0,0,0,0,True
3196,It’s a gift card,"It’s a gift card, there is nothing else to say.",5.0,POSITIVE,NEUTRAL,anticipation,0,2,0,0,2,0,2,0,False
148342,Game Stop,I was satisfied with the promptness of receiving the gift card. It's great not to have to run around and it saves on gas.,5.0,POSITIVE,POSITIVE,joy,0,2,0,0,3,0,2,0,True
112409,Amount not correct,"I ordered two of these at $25 each (was appropriately charged and order history matches this).  They went to my best friend's two children, and when she went to use them, one had $42.03 and the other had $0.  The kids missed out on $7.97, and luckily I gave them to the same family, so mom was able to split the amount between the two children.  Had I gifted them to anyone other than my best friend this would have been highly embarrassing.  I will never order again.",1.0,NEGATIVE,NEGATIVE,joy,0,0,0,0,1,0,0,1,True
108582,Easy to send,Sent as a gift,5.0,POSITIVE,POSITIVE,anticipation,0,1,0,0,1,0,1,0,True
80153,No $10 Rebate Received!!!!,Said I was going to get $10 credit for putting hundred dollars on gift card. However it did not give me the $10.,1.0,NEGATIVE,NEGATIVE,anticipation,0,1,0,0,1,0,1,1,True
56154,One Star,"ended up being ripped off.  this cost me $300 - However, it was not Amazon's fault.  I was scammed by a 3rd party. Just beware...",3.0,NEUTRAL,NEGATIVE,anticipation,0,2,0,1,1,1,0,1,False
109776,they do not answer the phone # they provide,"set up golf time at course on their list, two days before, submitted info to their on line sight, only to find out at the course that that course no longer accepts their card do to problems of not getting paid!!",1.0,NEGATIVE,NEGATIVE,anticipation,0,1,0,0,0,0,0,1,True
63267,Xmas gift for my mom,Works like a gift card should. It's really hard to shop for my mom since she is alway's doing something different! A gift card to her favorite store should do the trick!,5.0,POSITIVE,POSITIVE,anticipation,0,4,0,0,4,0,4,1,True
100045,Reload,"This is a great way to reload your amazon account but if you have any issues there’s really no way to contact help, but that’s basically amazon in general.",4.0,POSITIVE,NEUTRAL,trust,0,0,0,0,0,0,0,2,False
103393,It works,Meh,3.0,NEUTRAL,NEUTRAL,NO_SIGNAL,0,0,0,0,0,0,0,0,True
28862,Five Stars,Great!,5.0,POSITIVE,POSITIVE,NO_SIGNAL,0,0,0,0,0,0,0,0,True
111749,lost in the mail!,to late to give as a gift,1.0,NEGATIVE,NEGATIVE,anticipation,0,2,0,0,1,2,1,0,True
65813,Unable to use full gift amount.,Unable to use $100 gift card after spending only $13.56 of it.,1.0,NEGATIVE,NEGATIVE,anticipation,0,2,0,0,2,2,2,0,True
128658,Five Stars,great gift,5.0,POSITIVE,POSITIVE,anticipation,0,1,0,0,1,0,1,0,True
83224,Five Stars,Bought this for my assistant.  She buys from Amazon often and was excited to buy more.,5.0,POSITIVE,POSITIVE,anticipation,0,1,0,0,1,0,1,1,True
133927,Guaranteed one-day shipping,"I ordered three gift cards for a friend who was moving and selected one-day shipping, with the gift cards set to arrive the day before she was due to leave, so she and her son had gift cards to use for meal stops along the journey. She was to leave in the morning, as one does when they are moving 15 hours away, but instead of having the gift cards with her they were still on the fedex truck until 12:30pm. The one-day &#34;guaranteed&#34; shipping did not happen. There was no bad weather. There was no holiday rush. When contacted about the delay, there was no reason for why they failed to be delivered by the promised time. Just that they failed to be dispatched with any promptness, and from then on failed to be treated with any of the urgency one might expect with &#34;guaranteed one-day shipping&#34;.<br />I got my shipping fees refunded. Well that was nice of them, wasn't it?",2.0,NEGATIVE,NEGATIVE,anticipation,2,11,2,4,7,4,8,3,True
148180,recipients of gift cards are told the cards are invalid & they try to use them immediately,"Over the past few months, I have purchase various gift cards for my grandchildren.  I believe one may have been Jersey Mike's, another Wild Buffalo Wings, and two from Starbucks.  When they try to use them, the retailers tell them they are not activated or valid and cannot be used.  So, I have spent all of this money, and the cards cannot be used.  I am not sure if they still have the older ones or if they tossed them when told they were invalid, but one for Buffalo Wild Wings and one of the Starbucks cards just got delivered today.  Can you please tell me what they have to do to have the cards be valid?  Your prompt attention toward a resolution of this matter would be greatly appreciated.  Let me thank you in advance for all of your time and help.",1.0,NEGATIVE,NEGATIVE,anticipation,1,7,0,1,5,3,6,2,True
123837,The gift box was beautiful and well decorated.,"I would buy this again, but ask for a different box!",5.0,POSITIVE,NEUTRAL,joy,0,1,0,0,2,0,1,0,False
136770,One of them has no $ on it,Can’t use it sent to grandson,1.0,NEGATIVE,NEGATIVE,NO_SIGNAL,0,0,0,0,0,0,0,0,True
64976,Difficult to determine value,I bought 6-$50 and 5-$25 gift cards. They all came in one box. I could not determine which were the $50 and which the $25. I finally saw where I could match the serial number with the ones on the packing slip. I think it would have been much better to put each value in a separate envelope,1.0,NEGATIVE,NEUTRAL,anticipation,0,3,1,1,2,0,3,1,False
21428,"If this is a gift, you're going to want to buy two; one for them and one for you!","Firehouse Subs is spectacular! Their tasty subs come with steamed meat, &#34;fully involved&#34; fresh ingredients, and perfectly toasted bread, making for a great meal any time of the day. In addition, they have a great selection of hot sauces in the store if you like your sandwiches to have a little &#34;kick.&#34; Try this place and you'll be hooked (and laddered)! Yum!",5.0,POSITIVE,POSITIVE,anticipation,2,4,0,0,1,0,2,1,True
114178,Three Stars,"it's a gift certificate, for heaven's sake",3.0,NEUTRAL,NEUTRAL,anticipation,0,1,0,0,1,0,1,0,True
91987,Christmas gift,It was a Christmas gift...,3.0,NEUTRAL,NEUTRAL,anticipation,0,2,0,0,2,0,2,0,True
136343,Three Stars,Thanks,3.0,NEUTRAL,NEUTRAL,NO_SIGNAL,0,0,0,0,0,0,0,0,True
40072,"Great Idea, problem with implementation","A friend told me how convenient these Amazon Gift Cards are. I ordered one for a graduate. It was delivered on time, but the gift message I requested was not inserted into the gift. The recipients had no idea where the card came from. Luckily, they called Amazon for help and then contacted me for verification. I was embarrassed and not likely to use these gift cards again.",3.0,NEUTRAL,NEGATIVE,anticipation,0,5,0,1,5,1,4,2,False
116236,The snowflake tin was a nice decorative addition to contain the gift card.,"The recipient of the gift card was surprised to find that Amazon gift cards came with a tin as the ""wrapping"".",1.0,NEGATIVE,POSITIVE,anticipation,0,4,0,0,3,0,4,0,False
127790,Gift card designed to fail,I will never buy a gift card from amazon for anyone! This is card is poorly designed when you  scratch off the code the whole sticker comes off!!! Had talk to a lady for 20 mins to only tell me i have to wait another two days to use my card so they can send me my code through email!! Wow another way to get more money by people not wanting to to take time out of there day just to get a code! Never will buy gift card for this company :/,1.0,NEGATIVE,NEGATIVE,anticipation,1,6,0,0,4,1,4,1,True
17605,Two Stars,c,2.0,NEGATIVE,NEGATIVE,NO_SIGNAL,0,0,0,0,0,0,0,0,True
19923,Used to be better,"You used to get a bonus when adding $100 or more to your gift card, but not anymore. So I don't see any advantage now, It's easier just to use a debit or credit card at checkout.",3.0,NEUTRAL,NEGATIVE,anticipation,0,2,0,0,2,0,2,1,False
131223,Five Stars,Easy and fast,5.0,POSITIVE,POSITIVE,NO_SIGNAL,0,0,0,0,0,0,0,0,True
91067,Cute Idea But Damaged Box,The idea seems very cute but too bad the box came damaged (there was a rip in it).,3.0,NEUTRAL,NEUTRAL,anger,1,0,1,1,0,1,0,0,True
129407,Better read the fine print,"Was offered $10 bonus for adding $100 in gift cards.  Did it once, received bonus.  Checked balance and it increased $110.  Indicated I could do the process again, so I did.  Checked gift card balance again, it only went up an additional $100.  Guess what - no bonus.  Seems you can only get the bonus once.  I feel misled by Amazon!",3.0,NEUTRAL,NEGATIVE,surprise,0,6,0,0,6,0,7,0,False
122792,Excellent feature,I used it a lot in the year i've been buying on amazon and it helped me a lot,5.0,POSITIVE,POSITIVE,joy,0,0,0,0,1,0,0,1,True
130741,are these real?,trying to redeem gift card for hours now: gift card numbers dont match up with celebrity system.  there are too many numbers. celebrity cannot find this gift card in their system.,1.0,NEGATIVE,NEGATIVE,anticipation,2,5,2,0,5,0,5,5,True
146895,Its great having extra for the purchase,So glad it was available!!,5.0,POSITIVE,POSITIVE,anticipation,0,1,0,0,1,0,0,0,True
137340,"hardly ""instant"", but the only way to do multiple pay sources","Took so long that I had to send in a trouble ticket, but was fixed right away once I did.",2.0,NEGATIVE,NEUTRAL,anticipation,0,2,0,0,1,0,0,2,False
127143,Not what they said,"I ordered these on prime day. The cards showed up really fast like it said it would.  Love that. However,  there was supposed be a $10 promotional code. Didn't get one. I will use the cards because they are for the same value I paid for them.  Just not happy they didn't come with the promised promo code.",1.0,NEGATIVE,NEGATIVE,joy,0,1,0,0,2,0,0,1,True
120453,"I like and admire Whole Foods, however",most people I know think they are too expensive.  We use them for certain things.  I won't give these again as a gift because you don't get that much for $50.00 and I gave them to college students.,3.0,NEUTRAL,NEGATIVE,anticipation,0,1,0,0,1,0,1,1,False
151432,Always a great gift!,Having trouble deciding on a gift?  Gift cards are perfect for that!!!,5.0,POSITIVE,POSITIVE,anticipation,0,4,0,0,4,0,3,1,True
3890,"Was my fault, didn’t mean to order","I called right away they took this off my charge card, took a few days, I made the mistake to order this",1.0,NEGATIVE,NEUTRAL,sadness,0,0,0,0,0,2,0,0,False
144505,Five Stars,Cute packaging,5.0,POSITIVE,POSITIVE,NO_SIGNAL,0,0,0,0,0,0,0,0,True
95862,Disappointed in condition,"Card holder was dirty and bent. Going to be a gift so I scratched  off code to check balance, which was valid. Surprised they would send out a card looking like this one.",2.0,NEGATIVE,NEGATIVE,disgust,1,1,2,0,1,1,2,0,True
149584,Five Stars,It was so easy,5.0,POSITIVE,POSITIVE,NO_SIGNAL,0,0,0,0,0,0,0,0,True
141842,IT TOOK THREE TRIES TO UPLOAD AND THEN I COULD ...,IT TOOK THREE TRIES TO UPLOAD AND THEN  I COULD ONLY RELOAD ON GIFT CARD ....IT WAS A REAL PAIN,3.0,NEUTRAL,NEGATIVE,anticipation,0,1,0,1,1,1,1,1,False
122275,Easy,Easy,5.0,POSITIVE,POSITIVE,NO_SIGNAL,0,0,0,0,0,0,0,0,True
68139,Love this,Loved everything about this and it is free for the holder…that’s wonderful,5.0,POSITIVE,POSITIVE,joy,0,0,0,0,2,0,1,1,True
63037,It's good for a last minute gift,I mean this is a gift card purchase. It's good for a last minute gift.,3.0,NEUTRAL,POSITIVE,anticipation,0,5,0,0,5,0,5,2,False
81817,Cute way to send a gift card,"I love that Amazon includes these super cute gift card holders, without charging separately for them. Even though I'm sending a gift card, I still want the packaging to be sort of cute. Love these cupcakes!",5.0,POSITIVE,POSITIVE,joy,0,3,0,0,5,0,3,0,True
31007,Very difficult to find out the value of each card. 2 in the box with different values, ,3.0,NEUTRAL,NEUTRAL,fear,0,0,0,1,0,0,0,0,True
122071,It’s a nicely e-shopping experience on Amazon and also their providing customer service to me.,Like to buy hiking shoe which the size may not find in Taiwan and also good to be Thanksgiving gifts,5.0,POSITIVE,POSITIVE,joy,0,3,0,0,4,0,2,3,True
152010,"Cute, not functional","Bought this gift card for a teacher. I loved how adorable this gift card holder looked. The only downside to the ornament is the hook wasn’t very big so I don’t think it would actually hang on a tree. Overall, I thought this was a good purchase.",5.0,POSITIVE,NEUTRAL,anticipation,1,5,1,0,5,0,4,4,False
7241,I love the floral box but I'm not a fan of ...,I love the floral box but I'm not a fan of the fact that the card itself does not show the amount,3.0,NEUTRAL,NEUTRAL,joy,0,0,0,0,2,0,0,2,True
100860,Damaged,All three of the tins were damaged! The cards are paper so even pulling them out looks so cheap. So upset! Price is also not printed so have to write it on.,1.0,NEGATIVE,NEGATIVE,anger,1,0,0,0,0,1,0,0,True
59564,Five Stars,thanks,5.0,POSITIVE,POSITIVE,NO_SIGNAL,0,0,0,0,0,0,0,0,True
96034,Three Stars,gfh,3.0,NEUTRAL,NEUTRAL,NO_SIGNAL,0,0,0,0,0,0,0,0,True
140634,Five Stars,whats not to love about amazon gift cards?,5.0,POSITIVE,POSITIVE,joy,0,1,0,0,2,0,1,0,True
147146,Didn't work when I tried to upload to the Xbox.,I was not able to use the card that I had gotten.. It would not put the money on the account.,1.0,NEGATIVE,NEGATIVE,trust,1,1,0,0,1,0,1,2,True
138621,but I never received it so felt like being fooled,"cards arrived okay, but it was advertised for $10 gift card, but I never received it so felt like being fooled!",2.0,NEGATIVE,NEGATIVE,anticipation,0,1,0,0,1,0,1,0,True
42986,Three Stars,Written to keep a reader's interest,3.0,NEUTRAL,NEUTRAL,NO_SIGNAL,0,0,0,0,0,0,0,0,True
105822,First time for everything.,"The cards were not delivered as stated.  UPS - signed by driver release.  This is inappropriate.  I cannot afford to<br />lose the amount paid for gift cards. I do have serial numbers.<br />This order was place on Nov. 28, 2018.<br />Quebell Crank",2.0,NEGATIVE,NEGATIVE,anticipation,2,3,2,1,1,2,2,0,True
132481,There's no place to write sender/receiver names or a short message. But the red packaging looks cute.,There's no place to write sender/receiver names or a short message. But the red packaging looks cute.,3.0,NEUTRAL,NEUTRAL,NO_SIGNAL,0,0,0,0,0,0,0,0,True
150480,"Great products, delivered on time and safely",I like all products and the way they were delivered very fast and safely,3.0,NEUTRAL,POSITIVE,anticipation,0,1,0,0,0,0,0,0,False
31890,Three Stars,Gift.,3.0,NEUTRAL,NEUTRAL,anticipation,0,1,0,0,1,0,1,0,True
57802,Great gift for college students,"I bought 8 cards for my college student for Christmas, he was so excited but we could use but the 8 one refuses to work. Yes checked all cards 3 times. Yes, double checked numbers still it will not work so buy 8 at 25 each and lose 1 $ 25.00 so pay for 8 but only get 7.",3.0,NEUTRAL,NEGATIVE,anticipation,1,3,1,1,3,1,3,2,False
115744,Ok,Why would I rate a gift card that I put on here-makes no sense,5.0,POSITIVE,NEUTRAL,anticipation,0,1,0,0,1,0,1,0,False
77166,Good way to send gifts,Gift card is great and was delivered on time.  The card telling who it was from didn't make it into the package and it was an accident I found out.  They made the statement someone sent us $50 and we have no idea who.,3.0,NEUTRAL,NEUTRAL,anticipation,0,3,0,1,3,1,3,3,True
94799,That order is correct and mine not,I wrote 3 individual notes to my grandkids and only 2 where I closed. Very disappointed,3.0,NEUTRAL,NEGATIVE,anger,1,0,1,0,0,1,0,0,False
136935,The card was fine..,The card was fine...it's a card. The shipping was a joke. Was supposed to arrive the following day for a gift. Took almost two weeks,1.0,NEGATIVE,NEGATIVE,anticipation,0,2,0,0,1,0,1,0,True
94865,It works,It worked for me at Walmart and dollar general,3.0,NEUTRAL,POSITIVE,trust,0,0,0,0,0,0,0,1,False
88390,I live in P.R. and I got it withing a week.,It was a gift for a friend.,4.0,POSITIVE,POSITIVE,joy,0,1,0,0,2,0,1,1,True
95976,Three Stars,ok,3.0,NEUTRAL,NEUTRAL,NO_SIGNAL,0,0,0,0,0,0,0,0,True
41562,Amazon gift card reload.,It's a trick. Nothing else. Why does one need to reload a gift card?,1.0,NEGATIVE,NEGATIVE,surprise,0,2,0,0,2,0,3,0,True
6902,Five Stars,love it; thanks a million to My Amazon,5.0,POSITIVE,POSITIVE,joy,0,0,0,0,1,0,0,0,True
140188,Why didn't I receive my extra $10 for adding $100 to acct balance,Why did it not give me the $10 extra for my balance being $100 like it said,3.0,NEUTRAL,NEGATIVE,NO_SIGNAL,0,0,0,0,0,0,0,0,False
71382,Fraud!,I purchased this card for Christmas and can’t use it! The card has been voided!,1.0,NEGATIVE,NEGATIVE,anger,1,0,0,0,0,0,0,0,True
91634,Easy to use,"Easy to use, home goodsExcellent",5.0,POSITIVE,POSITIVE,NO_SIGNAL,0,0,0,0,0,0,0,0,True
25495,Nice,Nice,5.0,POSITIVE,POSITIVE,NO_SIGNAL,0,0,0,0,0,0,0,0,True
147139,Could never get it tow work,Could never get this one to work,1.0,NEGATIVE,NEGATIVE,NO_SIGNAL,0,0,0,0,0,0,0,0,True
45628,Survey not worth it.,The Survey I had to take was not worth it.,2.0,NEGATIVE,NEGATIVE,NO_SIGNAL,0,0,0,0,0,0,0,0,True
117688,VISA GIFT CARDS MUST BE DELETED FROM ACCOUNT AFTER USING TO RELOAD FUNDS,"I routinely add visa gift cards that my kids get as gifts to my amazon account and then give them cash.  This makes it easier to spend them and you don't have to worry about partial balances.  However, you must add t6he visa gift card as a payment type to your account and then you have to manually delete it later from a different web page.<br /><br />Why not allow these visa gift cards to be deleted directly from the reload page?",3.0,NEUTRAL,NEUTRAL,anticipation,1,6,0,2,5,1,4,4,True
22666,Five Stars,Gift for brother-in-law.,5.0,POSITIVE,POSITIVE,trust,0,1,0,0,1,0,1,2,True
81916,Very cute!!,My niece will love this!!,5.0,POSITIVE,POSITIVE,joy,0,0,0,0,1,0,0,0,True
33769,Two Stars,Bad Deal!!<br />You pay over 10 to receive a 10 gift card.  Best to buy at store,2.0,NEGATIVE,NEGATIVE,anticipation,1,4,1,1,3,1,2,2,True
111506,I was unable to use it at a restaurant. It kept saying invalid,I was unable to use it at a restaurant. It kept saying invalid,2.0,NEGATIVE,NEGATIVE,sadness,0,0,0,0,0,4,0,0,True
71406,Fun,Fun to give,5.0,POSITIVE,POSITIVE,anticipation,0,2,0,0,2,0,0,0,True
20813,Lable the value.,We bought 3 cards of different values and we could figure out which one was what. Needs to be labeled values,3.0,NEUTRAL,NEGATIVE,NO_SIGNAL,0,0,0,0,0,0,0,0,False
