batch,idx,title,text,rating,sentiment,llm_emotion,nrc_emotion,agree_exact,nrc_top_scores
Balanced (20/star),16135,Useful,great.. loved it,3.0,NEGATIVE,joy,NO_SIGNAL,False,{}
Balanced (20/star),68851,Five Stars,The perfect Christmas gift for a book-loving co-worker!  She was thrilled!,5.0,POSITIVE,joy,joy,True,"{""joy"": 3, ""anticipation"": 2, ""trust"": 2, ""surprise"": 1}"
Balanced (20/star),130265,"The gift box is nice, but for some unexplained reason","The gift box is nice, but for some unexplained reason, some AMC gift cards are not accepted for online purchases, forcing you to risk showing up to a sold out showing.",2.0,NEGATIVE,anger,anticipation,False,"{""anticipation"": 6, ""surprise"": 3, ""joy"": 3, ""sadness"": 2, ""fear"": 1}"
Balanced (20/star),18146,Cannot use in Canada?,"They helped out, but they are a pain to use at a gas station. I mean, I actually had to talk to people. Well, ain't nothing better than to hang out and chat with the good ol'country folk. Thanks!",3.0,NEGATIVE,disgust,anticipation,False,"{""sadness"": 1, ""fear"": 1, ""surprise"": 1, ""joy"": 1, ""anticipation"": 1, ""trust"": 1}"
Balanced (20/star),53780,Best way to buy things,Reloading your balance its easy and keeps your money safe for when you wanna use it.,5.0,POSITIVE,trust,joy,False,"{""joy"": 2, ""trust"": 2, ""anger"": 1, ""surprise"": 1, ""anticipation"": 1}"
Balanced (20/star),20037,Two Stars,Great gift,2.0,NEGATIVE,joy,anticipation,False,"{""surprise"": 1, ""joy"": 1, ""anticipation"": 1}"
Balanced (20/star),75712,What a racket! Waste of time and money!,Came with zero balance on them. Spent an hour on phone with AMC and they assured me they were activated. Did they work at theater? NOPE. called again and got someone who said they can't be activated and there was nothing I could do.,1.0,NEGATIVE,anger,anticipation,False,"{""anticipation"": 2, ""trust"": 2, ""disgust"": 1, ""joy"": 1, ""anger"": 1, ""surprise"": 1}"
Balanced (20/star),19263,Just okay,It worked and everything but it came in sketchy packaging.,3.0,NEGATIVE,disgust,NO_SIGNAL,False,{}
Balanced (20/star),150062,A bit confusing? But it does what it’s supposed to!,"Bought 2 of these packs for my team as a thank you, so spent a fair amount of money. Went to check the Chipotle website for balances (just in case, I had read the reviews on these cards and wanted to be safe), and none of the cards were active according to the website or couldn’t be found. Called Amazon Customer Support (they were a bit unhelpful honestly) and they told me to go to a Chipotle store to have them check/activate the cards. The Chipotle employee swiped each and they were fully active, correct amounts, and ready for use (they can only activate cards purchased in store and from the company itself).<br />TLDR: Don’t use the Chipotle website to check, go to a store or call their support if you want to check. Also, to clarify for some people, you can’t use a gift card as a partial payment online (like most retailers)! You can do this in store, but online is a no go.",4.0,POSITIVE,surprise,anticipation,False,"{""anticipation"": 7, ""trust"": 6, ""joy"": 4, ""surprise"": 2, ""anger"": 1, ""sadness"": 1, ""fear"": 1}"
Balanced (20/star),97938,Amazon is extremely exra !,It's been well over five minutes still hasn't posted 🙄 u just want to checkout at this point full price and all AMAZON DOES TOO MUCH !,1.0,NEGATIVE,anger,NO_SIGNAL,False,{}
Balanced (20/star),99728,Wouldn’t work,"Was unable to redeem, I did get a refund when I messaged Amazon.",1.0,NEGATIVE,sadness,sadness,True,"{""sadness"": 1}"
Balanced (20/star),87051,Baby Shower Gift,Something to have when the mother-to-be needs something she didn't get at the shower,5.0,POSITIVE,anticipation,joy,False,"{""joy"": 3, ""anticipation"": 2, ""surprise"": 1, ""sadness"": 1, ""trust"": 1}"
Balanced (20/star),150979,"Cute box, but arrived damaged","Cute box, unusable since it arrived smashed and torn.",2.0,NEGATIVE,sadness,NO_SIGNAL,False,{}
Balanced (20/star),36216,Perfect for Xmas,Great gift wrapping,5.0,POSITIVE,joy,anticipation,False,"{""joy"": 2, ""anticipation"": 2, ""trust"": 1, ""surprise"": 1}"
Balanced (20/star),149602,prime discount,did not like that i did not get my prime membership discount on the $50.00 gift card  my prime membership was in effect,3.0,NEGATIVE,anger,anticipation,False,"{""surprise"": 1, ""joy"": 1, ""anticipation"": 1}"
Balanced (20/star),85633,Seamless and easy to use,Seamless and easy to use. I've never bought or reload Amazon money before and it makes this a no brainer,4.0,POSITIVE,joy,anger,False,"{""joy"": 1, ""anger"": 1, ""trust"": 1, ""surprise"": 1, ""anticipation"": 1}"
Balanced (20/star),48716,"FAKE-code does not work, not returnable","DO NOT BUY- Redeem code does not work.  These are not returnable and to get your money back, you’ll have to write a letter to an Arbitrator.  This should be illegal!",1.0,NEGATIVE,anger,anger,True,"{""anger"": 2, ""trust"": 2, ""anticipation"": 2, ""joy"": 1, ""surprise"": 1, ""sadness"": 1, ""fear"": 1, ""disgust"": 1}"
Balanced (20/star),128042,Didn't get extra 10%,"Didn't get extra 10% when reloaded although clicked on ad for extra 10% and had gotten it before; saw some fine print afterwards later saying can only do once. Is that per year, per lifetime?",2.0,NEGATIVE,surprise,NO_SIGNAL,False,{}
Balanced (20/star),105562,Obscured Decorative Gift Tin,"I've bought these in past several years and have been pleased. This year these decorative tins come wrapped in plastic with a giant instruction sheet stating that the gift card must be redeemed on amazon.com/redeem and a small bit of other wording. This instruction sheet is almost the same size as the tin and, therefore, almost completely obscures it. Poorly designed. This item is not decorative as shown in the photo. Buzz kill.",2.0,NEGATIVE,disgust,anticipation,False,"{""joy"": 3, ""anticipation"": 3, ""fear"": 3, ""surprise"": 2, ""trust"": 2, ""sadness"": 1}"
Balanced (20/star),50090,n/a,n/a,2.0,NEGATIVE,trust,NO_SIGNAL,False,{}
Balanced (20/star),25208,Loading the amount took FOREVER...,"TOOK FOREVER for my card to reload... I waited and waited...<br />I was waiting to make my purchase because a coupon came with my reload...<br />Order processed for hours, I really expected it to be INSTANT.",3.0,NEGATIVE,anger,anticipation,False,"{""anticipation"": 1}"
Balanced (20/star),104648,Five Stars,Thanks for the extra cash for buying gift card for a place I regularly use anyway!,5.0,POSITIVE,joy,anticipation,False,"{""joy"": 2, ""anticipation"": 2, ""anger"": 1, ""trust"": 1, ""fear"": 1, ""surprise"": 1}"
Balanced (20/star),109843,Don’t purchase if you have a family or student account!,Bought this for my friend’s birthday and cannot use due to her student account. I love Spotify but am very disappointed by the lack of description and options for gift cards to use their service.,1.0,NEGATIVE,sadness,joy,False,"{""trust"": 4, ""joy"": 4, ""surprise"": 2, ""anticipation"": 2, ""sadness"": 1, ""anger"": 1, ""disgust"": 1}"
Balanced (20/star),41764,I dont think it was delivered.,a Christmas gift card/.<br />sure would like to know,2.0,NEGATIVE,fear,anticipation,False,"{""surprise"": 1, ""joy"": 1, ""anticipation"": 1}"
Balanced (20/star),134562,Unreloadable,What be more beneficial if the card was reloadable,2.0,NEGATIVE,anticipation,NO_SIGNAL,False,{}
Balanced (20/star),85307,Cheap gift box,Gift card gets stuck inside box,3.0,NEGATIVE,disgust,anticipation,False,"{""surprise"": 2, ""joy"": 2, ""anticipation"": 2}"
Balanced (20/star),144084,Thanks for the great option,I was able to get the food products I wanted on Amazon for the holiday season by reloading my gift card balance.,4.0,POSITIVE,joy,joy,True,"{""joy"": 3, ""anticipation"": 2, ""trust"": 1, ""surprise"": 1}"
Balanced (20/star),99840,Did not get $10 credit,The review title says it all. I reloaded my card in expectation of receiving a $10 bonus and got nothing.,1.0,NEGATIVE,anger,anticipation,False,"{""anticipation"": 3, ""trust"": 2, ""surprise"": 2, ""joy"": 2}"
Balanced (20/star),62095,Amazon Gift Card vs Amazon Credit Card,"I purchased some DVDs shortly after Christmas 2011 and selected the payment option to apply was the Amazon credit card, however the Amazon gift card was applied. I was going to use the Amazon gift card toward something  in a higher price category but for whatever reason the credit card has used. This was a disappointment. If you have both a Amazon credit card and gift card as payment options, be sure the selected option is the one you wish to use.",3.0,NEGATIVE,sadness,anticipation,False,"{""anticipation"": 5, ""surprise"": 4, ""joy"": 4, ""trust"": 4, ""sadness"": 1, ""disgust"": 1}"
Balanced (20/star),71214,"Mike Marshall great, ArtistWorks not so much.","Mike Marshall is superb.  The lessons are superb.<br />ArtistWorks however feels that they have the lifetime right to hit your credit or paypal account.  Fine, you paid in full, and have not used them for a year, they still want your money.  It is sad that Mike Marshall is associated with such an interesting company.",1.0,NEGATIVE,sadness,trust,False,"{""trust"": 3, ""anger"": 2, ""joy"": 1, ""surprise"": 1, ""anticipation"": 1}"
Balanced (20/star),104137,Inept customer service and broken system. Lucky if you can get this to work.,"I got this to reload successfully once out of 5 times. The rest of the time it says that my bank is declining. I called the bank and they have no idea what I'm talking about. Using the same information, I did manage to get this to work once before. I called up Amazon customer support and the guy started arguing with me saying that it's not possible to reload with a bank account and that it can only be done with a debit/credit card. I read THEIR OWN WEB PAGE back to the guy and he said that he would send me a link that he's reading and tried to end the call. Bad customer service and bad product roll out. Wasted an hour of my time for what, $2.30? Ridiculous.",1.0,NEGATIVE,anger,trust,False,"{""trust"": 7, ""anger"": 6, ""disgust"": 5, ""sadness"": 3, ""fear"": 3, ""anticipation"": 2, ""surprise"": 1, ""joy"": 1}"
Balanced (20/star),141704,Four Stars,Nice teddy. This is my second,4.0,POSITIVE,joy,NO_SIGNAL,False,{}
Balanced (20/star),104557,Gift Cards Galore,love that Amazon carries gift cards other than their own and ones you can't get in a regular store but only purchase by going to the restaurant or place of business.  Makes holiday shopping so much easier!,5.0,POSITIVE,joy,anticipation,False,"{""joy"": 5, ""anticipation"": 5, ""surprise"": 3, ""trust"": 1}"
Balanced (20/star),69175,Good Buy.,You pay less than $100. You get more than what you pay for. Not bad!,4.0,POSITIVE,joy,anticipation,False,"{""joy"": 3, ""anticipation"": 3, ""trust"": 3, ""surprise"": 1, ""sadness"": 1, ""fear"": 1, ""anger"": 1, ""disgust"": 1}"
Balanced (20/star),68720,Four Stars,As described.,4.0,POSITIVE,trust,NO_SIGNAL,False,{}
Balanced (20/star),94885,thaks,the product was a christmas grift,4.0,POSITIVE,joy,NO_SIGNAL,False,{}
Balanced (20/star),128141,Not really giftable,The scope for this gift card is a little limited.,3.0,NEGATIVE,sadness,anger,False,"{""surprise"": 1, ""joy"": 1, ""anticipation"": 1, ""sadness"": 1, ""anger"": 1}"
Balanced (20/star),135621,Gave as a gift. Have not heard from use ...,Gave as a gift.  Have not heard from use.,4.0,POSITIVE,anticipation,anticipation,True,"{""surprise"": 2, ""joy"": 2, ""anticipation"": 2}"
Balanced (20/star),32156,Three Stars,"Gift card worked perfectly, food was and service was nasty though.",3.0,NEGATIVE,disgust,joy,False,"{""joy"": 2, ""surprise"": 1, ""anticipation"": 1, ""trust"": 1, ""sadness"": 1, ""fear"": 1, ""anger"": 1, ""disgust"": 1}"
Balanced (20/star),116272,"Bought 5 different cards, with different amounts, and ...","Bought 5 different cards, with different amounts, and I had to check them online to figure out which card was for which amount. It should say the amount on the packaging.",3.0,NEGATIVE,anger,NO_SIGNAL,False,{}
Balanced (20/star),81263,Easy and convenient,Nice gift.  Cane very nicely presented.  Will do again.,4.0,POSITIVE,joy,anger,False,"{""surprise"": 1, ""joy"": 1, ""anticipation"": 1, ""fear"": 1, ""anger"": 1}"
Balanced (20/star),138026,Pointless and frustrating system for gift cards!,"I wanted an item that was 300.00 after tax and shipping was free and was given 3 different gift cards for 100.00 each for the 300.00 item I wanted!<br /><br />I have my credit card on my account from a past order but wasn't prepared to use it for the item I wanted.... I checked the box saying I wanted to use the 300.00 gift card balance option it gave me  and since the gift cards were 100.00 each, they used 1 of the 100.00 cards and charged the rest to my unprepared cedit card... I was shocked!<br /><br />I wasnt prepared for that with my credit card especially after the holidays, so of course it declined the extra 200.00 I was expecting the gift cards to have covered....<br />and I wanted to use the 300.00 in gift cards, not my credit card on my account from previous use of Amazon.<br /><br /> I called customer service and kept getting a woman who I could not understand, telling me the same thing over and over as if she was reading from a script to me, telling me she couldnt help me and would forward my issue to another department and they would get back with me by email within 12 hours.<br /><br />I get an email later stating i need to choose another payment method, as my credit card delined! UM, DUH! I didnt wish to use my card, I wanted to use the gift card balance!!<br /><br />So, I wrote to explain this back to them and no answer, it has been a week, and my order was cancelled.<br /><br />I still have a 300.00 gift card balance but cant use it for the 300.00 item I wanted only can use 100.00 at a time! RETARDED!<br /><br />This is the 3rd issue with amazon gift cards I have encountered!",1.0,NEGATIVE,anger,anticipation,False,"{""anticipation"": 13, ""trust"": 10, ""surprise"": 9, ""joy"": 9, ""sadness"": 2}"
Balanced (20/star),115560,Four Stars,the recipient of the gift was pleased.,4.0,POSITIVE,joy,anticipation,False,"{""anticipation"": 2, ""joy"": 2, ""surprise"": 1}"
Balanced (20/star),48896,cards okay for teens,Grand daughter liked used.,4.0,POSITIVE,joy,joy,True,"{""joy"": 1}"
Balanced (20/star),17330,"bent,scratched","Always arrive bent,scratched and looking like they were dumped on the warehouse floor and walked-on. Nice gift for me to put in my kid's birthday cards and etc??!!",2.0,NEGATIVE,disgust,anticipation,False,"{""anticipation"": 3, ""surprise"": 2, ""joy"": 2}"
Balanced (20/star),53020,Convenient,Awesome,5.0,POSITIVE,joy,NO_SIGNAL,False,{}
Balanced (20/star),85724,Nice look but only men’s socks.,I guess I didn’t look closely enough to see that these are men’s socks. There was no option for choosing women’s socks. I couldn’t use the socks. I had to just remove the gift card and put it in a Christmas card.,3.0,NEGATIVE,sadness,surprise,False,"{""surprise"": 2, ""sadness"": 1, ""fear"": 1, ""anger"": 1, ""joy"": 1, ""anticipation"": 1}"
Balanced (20/star),109502,There was no money loaded on the gift card,Order this for a Christmas gift and there was no money on it when the person I gave it to went to use it.  I felt horrible! I’m not sure what happened but very disappointing!,1.0,NEGATIVE,sadness,anticipation,False,"{""joy"": 4, ""surprise"": 4, ""anticipation"": 4, ""anger"": 3, ""trust"": 2, ""fear"": 1, ""disgust"": 1, ""sadness"": 1}"
Balanced (20/star),92089,Don't expect everything you are promised!,"5 gift cards were purchased as gifts and were marked as such, when ordered.  None included the gift card promised, one had some (not the entire wording) of the requested gift label, but printed on a piece of paper.  The others had nothing at all!",1.0,NEGATIVE,anger,anticipation,False,"{""surprise"": 4, ""anticipation"": 4, ""joy"": 3, ""trust"": 2}"
Balanced (20/star),25782,service fee to buy,"great christmas gift, just hate having to pay almost $6 for it tho",4.0,POSITIVE,disgust,anger,False,"{""anger"": 2, ""joy"": 2, ""anticipation"": 2, ""surprise"": 1, ""sadness"": 1, ""fear"": 1, ""disgust"": 1, ""trust"": 1}"
Balanced (20/star),6379,Five Stars,It's a gift card.,5.0,POSITIVE,trust,anticipation,False,"{""surprise"": 1, ""joy"": 1, ""anticipation"": 1}"
Balanced (20/star),134983,Four Stars,it's OK,4.0,POSITIVE,trust,NO_SIGNAL,False,{}
Balanced (20/star),89619,"I worked, but I'm unlikely to use it again ...","I worked, but I'm unlikely to use it again, because I don't need another single function app on my phone/pad",3.0,NEGATIVE,disgust,NO_SIGNAL,False,{}
Balanced (20/star),148262,Don't believe 1 day shipping,I ordered this on Sunday.  It was advertised as free 1 day shipping and would be here by Tuesday.  I guess you get what you pay for.  The Gift box did not show up until late Thursday afternoon.,2.0,NEGATIVE,anger,anticipation,False,"{""surprise"": 2, ""joy"": 2, ""anticipation"": 2, ""trust"": 2, ""sadness"": 1}"
Balanced (20/star),10978,Five Stars,It was for my son and he loves the place.,5.0,POSITIVE,joy,NO_SIGNAL,False,{}
Balanced (20/star),49760,Five Stars,Great,5.0,POSITIVE,joy,NO_SIGNAL,False,{}
Balanced (20/star),29274,Fun way for gift certificates!,Great process for gift card exchange!,1.0,NEGATIVE,joy,anticipation,False,"{""joy"": 3, ""anticipation"": 3, ""surprise"": 2, ""trust"": 1}"
Balanced (20/star),144916,Totally easy,Ive actually redeemed a few of these. Its so easy i think i could do it in my sleep now...,4.0,POSITIVE,joy,NO_SIGNAL,False,{}
Balanced (20/star),60895,Four Stars,arrived on time and was appreciated!,4.0,POSITIVE,joy,anticipation,False,"{""anticipation"": 1}"
Balanced (20/star),112019,Great product!,Great little gift!,5.0,POSITIVE,joy,anticipation,False,"{""surprise"": 1, ""joy"": 1, ""anticipation"": 1}"
Balanced (20/star),136075,Bent card,"The way the gift card was packaged made it curved, and it looked like the card didn't fully fit in the box. The card was fine and the pop up parts of the box worked well and helped spice up the gift card.",4.0,POSITIVE,trust,surprise,False,"{""surprise"": 3, ""joy"": 2, ""anticipation"": 2, ""trust"": 1}"
Balanced (20/star),13298,"Nice package, boring card","I was disappointed because all the other cards I ordered looked festive and appropriate for the Christmas packaging, but this one is the standard plain Amazon gift card and does not have a $ amount written on it.  The other $50 cards I ordered are clearly marked $50 on the face of the card, so was the $25 giftcard.",3.0,NEGATIVE,sadness,joy,False,"{""joy"": 2, ""sadness"": 1, ""anger"": 1, ""disgust"": 1, ""surprise"": 1, ""anticipation"": 1}"
Balanced (20/star),112643,The birthday greeting I added was not included and the ...,The birthday greeting I added was not included and the recipient did not know who the gift card was from. Very disappointing. :-(,2.0,NEGATIVE,sadness,surprise,False,"{""surprise"": 5, ""anticipation"": 4, ""joy"": 3, ""sadness"": 1}"
Balanced (20/star),9774,Ease of use!,Wish I could use it to pot chase visa gift cards.,5.0,POSITIVE,anticipation,anticipation,True,"{""surprise"": 1, ""joy"": 1, ""anticipation"": 1}"
Balanced (20/star),120163,I never received this card with the serial number indicated ...,I never received this card with the serial number indicated. Instead I received one that the  claim code was canceled. My daughter is out of $50,1.0,NEGATIVE,anger,anticipation,False,"{""anticipation"": 2, ""joy"": 1}"
Balanced (20/star),94807,Timing,Great deal,4.0,POSITIVE,joy,anticipation,False,"{""surprise"": 1, ""joy"": 1, ""anticipation"": 1, ""trust"": 1}"
Balanced (20/star),102122,Warning!!!  This card is not safe or secure,Warning!!!  This card was hacked and money was stolen before I could use it!  Not a safe product at all!,1.0,NEGATIVE,fear,joy,False,"{""joy"": 3, ""trust"": 3, ""fear"": 2, ""anger"": 2, ""surprise"": 1, ""anticipation"": 1}"
Balanced (20/star),8333,rejected,"I bought these and passed them out as stocking stuffers. Only a few worked. Apparently, they had not been swiped before being sent. I am unhappy.",2.0,NEGATIVE,anger,anger,True,"{""sadness"": 1, ""anger"": 1, ""disgust"": 1}"
Balanced (20/star),45355,Three Stars,The metal &#34;snowflake&#34; tin had a dent in it.<br />It is for a gift.<br />I was very disappointed,3.0,NEGATIVE,sadness,anger,False,"{""surprise"": 1, ""joy"": 1, ""anticipation"": 1, ""sadness"": 1, ""anger"": 1, ""disgust"": 1}"
Balanced (20/star),13877,Fast shipping.,Came in as expected.,5.0,POSITIVE,trust,anticipation,False,"{""anticipation"": 1}"
Balanced (20/star),128158,not accepted,It is not accepted in Georgia in the restaurants named on the card,1.0,NEGATIVE,anger,NO_SIGNAL,False,{}
Balanced (20/star),38034,2nd time is the charm!,I reloaded about 3 weeks ago to get the $10 credit and did not receive it. I tried it again this time and immediately got the $10 credit.,1.0,NEGATIVE,joy,anticipation,False,"{""anticipation"": 3, ""trust"": 2}"
Balanced (20/star),104963,Auto-insertion into Wish List is pathetic!,"Title is self-explanatory. Amazon please don't put your recommendations on people's lists. I'm not sure how much the company paid you to place its ""gift card"" purchase option--which conveniently matches the actual amount of an Amazon gift card I have--but, this type of ""help"" is neither requested nor appreciated.",1.0,NEGATIVE,anger,anticipation,False,"{""surprise"": 2, ""joy"": 2, ""anticipation"": 2, ""sadness"": 1, ""disgust"": 1, ""trust"": 1}"
Balanced (20/star),120369,One Star,there was only a dollar in my card when I ordered it. played me!!,1.0,NEGATIVE,anger,anticipation,False,"{""joy"": 1, ""anticipation"": 1, ""trust"": 1}"
Balanced (20/star),38107,If it is a gift maybe go into the store,"The gift card works fine and the convenience was amazing. The condition of the gift card after it arrived....not so much. To use my daughters words, they dropped it on the ground and then walked on it all day, picked it up and shoved it in the packaging without even wiping it off.",2.0,NEGATIVE,disgust,anticipation,False,"{""anticipation"": 4, ""surprise"": 3, ""joy"": 3, ""anger"": 1, ""trust"": 1}"
Balanced (20/star),2839,Five Stars,Perfect gift!,5.0,POSITIVE,joy,anticipation,False,"{""joy"": 2, ""anticipation"": 2, ""trust"": 1, ""surprise"": 1}"
Balanced (20/star),14602,Nice buy,2 out of 3 were really nice.  Good quality,4.0,POSITIVE,joy,anticipation,False,"{""surprise"": 1, ""joy"": 1, ""anticipation"": 1, ""trust"": 1}"
Balanced (20/star),81688,Five Stars,"This was an excellent purchase! The quickest shipped item I've ever gotten, too! XD",5.0,POSITIVE,joy,joy,True,"{""joy"": 1, ""trust"": 1}"
Balanced (20/star),94411,Dont trust the amount on it,Worked but it only had $20 instead of $25 :/,2.0,NEGATIVE,anger,trust,False,"{""trust"": 1}"
Balanced (20/star),106499,Cute idea but....,Cute idea but came bent with a cease in it and gift card looked beat up.,2.0,NEGATIVE,disgust,anticipation,False,"{""surprise"": 1, ""joy"": 1, ""anticipation"": 1}"
Balanced (20/star),86579,Great gift idea - Recipient gets exactly what they want,I love the clearly stated denomination value. No guessing how much value is on the card.<br />Nice envelope packaging for a baby shower.  My daughter wanted $700 jogging stroller and this was a great way multiple friends can anonymously chip in whatever they can afford.<br />Great delivery time - Very fast.,5.0,POSITIVE,joy,anticipation,False,"{""joy"": 4, ""anticipation"": 4, ""surprise"": 1}"
Balanced (20/star),131172,For me to spend,Good to go,4.0,POSITIVE,trust,anticipation,False,"{""surprise"": 1, ""joy"": 1, ""anticipation"": 1, ""trust"": 1}"
Balanced (20/star),11071,Super,nice alternative for a gift,5.0,POSITIVE,joy,anticipation,False,"{""surprise"": 1, ""joy"": 1, ""anticipation"": 1}"
Balanced (20/star),12520,Easy to use to give netflix as a gift,"Easy to use to give netflix as a gift.  Dad loved it.  Super convenient, however it would be easier to have Netflix &#34;subscriptions&#34; as gifts.",3.0,NEGATIVE,joy,anticipation,False,"{""surprise"": 2, ""joy"": 2, ""anticipation"": 2}"
Balanced (20/star),76507,Great gift,Made a nice gift,5.0,POSITIVE,joy,anticipation,False,"{""surprise"": 2, ""joy"": 2, ""anticipation"": 2}"
Balanced (20/star),51935,Easy ans convenient,Easy to use !,5.0,POSITIVE,joy,NO_SIGNAL,False,{}
Balanced (20/star),45249,Check the dollar amount upon receipt,"Buyer beware, when you get your gift cards, double check the dollar amount.  I ordered a $50, and got a $25!!!",2.0,NEGATIVE,anger,anticipation,False,"{""anticipation"": 2, ""fear"": 1, ""surprise"": 1, ""joy"": 1}"
Balanced (20/star),64413,Redeem before received non refundable,"The Amazon card was redeemed before it was delivered to my house, called costumer service 6 times now, keep being told I will get a message in two days. Nothing but lies, I’m out 250 for buying an Amazon gift card, don’t BUY !!!!",1.0,NEGATIVE,anger,anticipation,False,"{""surprise"": 1, ""joy"": 1, ""anticipation"": 1, ""trust"": 1}"
Balanced (20/star),55757,Great value,Made Christmas super easy,4.0,POSITIVE,joy,NO_SIGNAL,False,{}
Balanced (20/star),40506,Difficult to use,"The price was good and even sweeter combined with hotels.com’s rewards for extra night. However, hotels.com’s gift card interface is very difficult to use. First, you have to enter from the gift card section of the website to search and make bookings if you want to use gift cards, which can be cumbersome. It’s easier to apply points using their app. Second, not all bookings allow gift card use, and when you want to use it they deduct points right away even if the booking is still within free cancellation time. No option to pay later. When you cancel they issue you a new card number instead of putting the balance back to the old card, and it says it could take couple hours. In my experience the refund is issued within minutes. Lastly, their website tool for combining and viewing gift card balance is constantly down and you have to call them to do this simple function.",3.0,NEGATIVE,anger,anticipation,False,"{""anticipation"": 8, ""joy"": 7, ""surprise"": 6, ""trust"": 3, ""fear"": 2, ""sadness"": 2}"
Balanced (20/star),107472,Gift card,Came in in one piece and easy to use,5.0,POSITIVE,joy,anticipation,False,"{""surprise"": 1, ""joy"": 1, ""anticipation"": 1}"
Balanced (20/star),101839,Complicated and Confusing,"I had previously written a review on these types of cards under the guidelines for the reviews. HOWEVER, it was rejected since it was not covering an item. But alas it was. I had requested a refund on two items and while I received an email that the refund was processed, shortly thereafter I got another email for an amazon gift card and what was the amount I wanted on it. I followed the steps thinking it would be credited to my debit card (which I had used for the original payment) but instead loaded it unto an amazon gift card and took double the original amount. As quick as they are to take the money out of my account, it still took 3-5 business days to get my money back. If you are issuing a refund to the original card used, do not complicate the process by then sending an email for an amazon gift card that was neither wanted or requested. The refund process should be clear and remove the amazon gift card email if that is not what is requested or wanted by the client.",1.0,NEGATIVE,anger,anticipation,False,"{""anticipation"": 7, ""surprise"": 6, ""joy"": 6, ""anger"": 4, ""trust"": 3, ""sadness"": 1, ""fear"": 1}"
Balanced (20/star),47954,Three Stars,Not really heavy enough to be called a sweat shirt.,3.0,NEGATIVE,disgust,fear,False,"{""fear"": 1}"
Balanced (20/star),135941,Two Stars,Bad,2.0,NEGATIVE,disgust,anger,False,"{""sadness"": 1, ""fear"": 1, ""anger"": 1, ""disgust"": 1}"
Balanced (20/star),141658,Would not purchase again,I bought this just as a way of purchasing a few things online without having to use my credit or debit card all the time but there started to be purchases that I didn't make on the card and the only way that I knew was that a purchase was declined. I went to the website and the customer service number and couldn't get access to my transactions. I was finally able to talk to a customer service agent who informs me that there was a purchase made with my card that I did not authorize that wiped out my remaining balance. He assured me that it would be resolved and I would receive the funds back but needless to say I not only did not receive the funds back but they deactivated my card altogether.,2.0,NEGATIVE,fear,trust,False,"{""trust"": 4, ""anticipation"": 2, ""joy"": 1, ""disgust"": 1, ""surprise"": 1}"
Balanced (20/star),29215,Broken package,"I ordered three cards with slides: one is already broken, one has no package, and only one of them has full package. These are gift cards and hence are supposed to be gifts for someone. How can I send out a broken gift card?!",2.0,NEGATIVE,anger,anger,True,"{""sadness"": 3, ""fear"": 3, ""anger"": 3, ""surprise"": 2, ""joy"": 2, ""anticipation"": 2}"
Balanced (20/star),145307,Easy,This was  easily done.,3.0,NEGATIVE,joy,NO_SIGNAL,False,{}
Balanced (20/star),80814,Amazon.com $100 Gift Card in a Snowflake Tin... Amazon,"It was all good until my boyfriend  carefully peeled off the sticker on back to reveal the code to use the card, the numbers peeled off right with the sticker. He is very careful so I know it's not fault. When he called Amazon to get help, they routed him to a couple different departments that got the information wrong about where it was purchased (Amazon and not a retail outlet) and is still waiting to hear back on resolution. He was told it'll take 2 days. That's not great at all.",2.0,NEGATIVE,anger,anticipation,False,"{""surprise"": 2, ""joy"": 2, ""anticipation"": 2, ""trust"": 1, ""sadness"": 1}"
Balanced (20/star),12907,Accessibility,Should be accessible through Amazon pay,3.0,NEGATIVE,anticipation,anticipation,True,"{""joy"": 1, ""anticipation"": 1, ""trust"": 1}"
Balanced (20/star),75553,Three Stars,its a gift card,3.0,NEGATIVE,trust,anticipation,False,"{""surprise"": 1, ""joy"": 1, ""anticipation"": 1}"
First 100 in file,0,Great gift,Having Amazon money is always good.,5.0,POSITIVE,joy,anticipation,False,"{""surprise"": 3, ""joy"": 3, ""anticipation"": 3, ""trust"": 2, ""anger"": 1}"
First 100 in file,1,amazon gift card,Always the perfect gift.  I have never given one and had someone seem or act disappointed.  Just the opposite.  They are thrilled and excited to have a bit of a spree.  Always the perfect size and color!  Arrives in 1 day in most cases.  So it's never too late!  Lots of cards to chose from... thank you... birthday... wedding..baby..  and many that work for many occasions...,5.0,POSITIVE,joy,joy,True,"{""joy"": 7, ""anticipation"": 6, ""surprise"": 4, ""trust"": 3, ""sadness"": 2, ""anger"": 1, ""disgust"": 1}"
First 100 in file,2,perfect gift,When you have a person who is hard to shop for.. an amazon gift card is P E R F E C T.  Man or woman...  No matter what their hobby... lifestyle.. or age.  All you have to do is pick the $.  Don't forget to mention that it is a GIFT when you check out - you will have some gift card options.  I've ordered many of these over years.  They are always received with glee.  Woo hoo!  If you're looking for a great fit for me - this is just my size!  :)  Best to all!,5.0,POSITIVE,joy,joy,True,"{""joy"": 7, ""anticipation"": 5, ""surprise"": 4, ""trust"": 1}"
First 100 in file,3,Nice looking,"The tin is a nice touch and pretty large.  It's about 4&#34; in diameter and about 1/2&#34; thick.  I added a pretty red ribbon and it is perfect.  Who doesn't love shopping on Amazon? Arrived quickly, I have Prime... but I think they ship the gift cards out SUPER fast... like over night. In case you need it for a FAST gift.",5.0,POSITIVE,joy,anticipation,False,"{""joy"": 8, ""anticipation"": 8, ""trust"": 4, ""surprise"": 3, ""anger"": 1, ""sadness"": 1, ""fear"": 1}"
First 100 in file,4,Not $10 Gift Cards,"I bought this pack of Starbucks Gift cards in 2019. Ive given them to friends and I gave 2 to my daughter.<br />My daughter used one recently and it had $6.52 on the card not $10.00. She had the cashier check the balance of the other card and it had $5.32 on it! She had forgotten that she had these gift cards, so yes, 2 years later decided to use the when she found them! Do they decline in value? And then both had random amounts on them! I'm embarrassed now to have given them as gifts! Friends receiving the gift card aren't going to tell you that weren't able to cover their order with the card you gave them!!!",1.0,NEGATIVE,anger,joy,False,"{""joy"": 8, ""surprise"": 5, ""anticipation"": 5, ""trust"": 3, ""sadness"": 1, ""fear"": 1}"
First 100 in file,5,Cute!,That snowman tin is adorable,5.0,POSITIVE,joy,joy,True,"{""joy"": 1}"
First 100 in file,6,Easy gift,Great and easy gift,5.0,POSITIVE,joy,anticipation,False,"{""surprise"": 2, ""joy"": 2, ""anticipation"": 2}"
First 100 in file,7,Great gift,Super cute nice quality tin<br />Your choose amount,5.0,POSITIVE,joy,anticipation,False,"{""surprise"": 1, ""joy"": 1, ""anticipation"": 1}"
First 100 in file,8,Gifts for my two granddaughters,They love it !!,5.0,POSITIVE,joy,joy,True,"{""joy"": 1}"
First 100 in file,9,"Great for saying “thank you” to the mail person, farrier, yard man,etc",So many people<br />Make your life better so remember them!,5.0,POSITIVE,joy,anticipation,False,"{""anticipation"": 1}"
First 100 in file,10,"Convenient, safe, and perfect gift","My grandson inlaw loves his gift cards, so it's the perfect gift for Christmas",5.0,POSITIVE,joy,joy,True,"{""joy"": 6, ""anticipation"": 5, ""trust"": 3, ""surprise"": 3}"
First 100 in file,11,Giftcard,"What can you say about a gift card? Well, it was valid. It's a good gift for someone who doesn't like to cook. Arrived promptly.",5.0,POSITIVE,trust,anticipation,False,"{""surprise"": 3, ""joy"": 3, ""anticipation"": 3, ""trust"": 1}"
First 100 in file,12,Simple giftcard!,Easy way to gift money for birthdays.,5.0,POSITIVE,joy,anticipation,False,"{""surprise"": 2, ""joy"": 2, ""anticipation"": 2, ""anger"": 1, ""trust"": 1}"
First 100 in file,13,Great giftcard,Great gift for online shoppers!,5.0,POSITIVE,joy,anticipation,False,"{""surprise"": 1, ""joy"": 1, ""anticipation"": 1}"
First 100 in file,14,Easy..,Reloading is easy. Shopping is easy. Amazon is easy.,5.0,POSITIVE,joy,anticipation,False,"{""surprise"": 1, ""joy"": 1, ""anticipation"": 1, ""trust"": 1}"
First 100 in file,15,One Star,Card did not work!!!!,1.0,NEGATIVE,anger,anticipation,False,"{""joy"": 1, ""anticipation"": 1, ""trust"": 1}"
First 100 in file,16,Great Product.,I bought this for a Christmas gift.The recipient really liked it.,5.0,POSITIVE,joy,anticipation,False,"{""anticipation"": 2, ""surprise"": 1, ""joy"": 1}"
First 100 in file,17,No note attached to sent gift card,"What a pretty gift card presentation , the recipient loved it ! I have one complaint , I took the time and wrote a short note to the recipient of the gift card so she knew who and why the GC was being sent but the note wasn’t attached. I’ve used the option to write a note on many occasions and several times it showed up without the note . I actually had to contact her to ask if she had checked her mail knowing it had arrived .",5.0,POSITIVE,anger,anticipation,False,"{""anticipation"": 8, ""joy"": 4, ""surprise"": 3, ""trust"": 1, ""anger"": 1}"
First 100 in file,18,Gift card,Perfect! Arrived just when stated!,5.0,POSITIVE,joy,anticipation,False,"{""joy"": 2, ""anticipation"": 2, ""surprise"": 1, ""trust"": 1}"
First 100 in file,19,Good,Good gift card,5.0,POSITIVE,joy,anticipation,False,"{""surprise"": 3, ""joy"": 3, ""anticipation"": 3, ""trust"": 2}"
First 100 in file,20,Good Product,Good Product,5.0,POSITIVE,joy,anticipation,False,"{""surprise"": 2, ""joy"": 2, ""anticipation"": 2, ""trust"": 2}"
First 100 in file,21,Good Product,Good Product,5.0,POSITIVE,joy,anticipation,False,"{""surprise"": 2, ""joy"": 2, ""anticipation"": 2, ""trust"": 2}"
First 100 in file,22,Good Product,Good Product,5.0,POSITIVE,joy,anticipation,False,"{""surprise"": 2, ""joy"": 2, ""anticipation"": 2, ""trust"": 2}"
First 100 in file,23,Good Product,Good Product,5.0,POSITIVE,joy,anticipation,False,"{""surprise"": 2, ""joy"": 2, ""anticipation"": 2, ""trust"": 2}"
First 100 in file,24,Good Product,Good Product,5.0,POSITIVE,joy,anticipation,False,"{""surprise"": 2, ""joy"": 2, ""anticipation"": 2, ""trust"": 2}"
First 100 in file,25,Good product,Good product,5.0,POSITIVE,joy,anticipation,False,"{""surprise"": 2, ""joy"": 2, ""anticipation"": 2, ""trust"": 2}"
First 100 in file,26,Good product,Good product,5.0,POSITIVE,joy,anticipation,False,"{""surprise"": 2, ""joy"": 2, ""anticipation"": 2, ""trust"": 2}"
First 100 in file,27,Good Product,Good Product,5.0,POSITIVE,joy,anticipation,False,"{""surprise"": 2, ""joy"": 2, ""anticipation"": 2, ""trust"": 2}"
First 100 in file,28,Good Product,Good Product,5.0,POSITIVE,joy,anticipation,False,"{""surprise"": 2, ""joy"": 2, ""anticipation"": 2, ""trust"": 2}"
First 100 in file,29,Good,Good,5.0,POSITIVE,joy,anticipation,False,"{""surprise"": 2, ""joy"": 2, ""anticipation"": 2, ""trust"": 2}"
First 100 in file,30,Gift card,Perfect for Christmas,5.0,POSITIVE,joy,anticipation,False,"{""joy"": 2, ""anticipation"": 2, ""surprise"": 1, ""trust"": 1}"
First 100 in file,31,So easy,Easy to do,5.0,POSITIVE,joy,NO_SIGNAL,False,{}
First 100 in file,32,Mistake,Hit button by mistake n deduction from credit card on file,2.0,NEGATIVE,anger,sadness,False,"{""sadness"": 2, ""anger"": 1, ""trust"": 1}"
First 100 in file,33,Great gift idea,Always great to order from my home. Amazon rocks!,5.0,POSITIVE,joy,anticipation,False,"{""surprise"": 1, ""joy"": 1, ""anticipation"": 1}"
First 100 in file,34,Secure,So easy to use and recipients get to choose how to use it.,5.0,POSITIVE,trust,NO_SIGNAL,False,{}
First 100 in file,35,Birthday surprise!,This was a good birthday surprise!,5.0,POSITIVE,joy,joy,True,"{""surprise"": 5, ""joy"": 5, ""anticipation"": 3, ""fear"": 2, ""trust"": 1}"
First 100 in file,36,Birthday Gift,"Have given as Holiday, Birthday & Other Occasions remembrances. Always appreciated by the person receiving.",5.0,POSITIVE,joy,anticipation,False,"{""joy"": 5, ""anticipation"": 5, ""surprise"": 4}"
First 100 in file,37,Fun,Awesome & they work,5.0,POSITIVE,joy,anticipation,False,"{""joy"": 1, ""anticipation"": 1}"
First 100 in file,38,Reload is super easy.,Really ready to reload gift cards.,5.0,POSITIVE,joy,anticipation,False,"{""anticipation"": 2, ""surprise"": 1, ""joy"": 1}"
First 100 in file,39,Convenience of giftabiliy.,A great way to give a gift to family members in physical form. It was so convenient.,5.0,POSITIVE,joy,anticipation,False,"{""surprise"": 1, ""joy"": 1, ""anticipation"": 1}"
First 100 in file,40,Great Gift Package,Nice gift packaging for any event,5.0,POSITIVE,joy,anticipation,False,"{""surprise"": 2, ""joy"": 2, ""anticipation"": 2}"
First 100 in file,41,Grest Sandwitches !!,Perfect and I even used Amazon Points - was mailed right out.,5.0,POSITIVE,joy,anticipation,False,"{""joy"": 1, ""anticipation"": 1, ""trust"": 1}"
First 100 in file,42,GOOD PIZZA !!,Perfect and I even used Amazon Points - was mailed right out.,5.0,POSITIVE,joy,anticipation,False,"{""joy"": 2, ""anticipation"": 2, ""trust"": 2, ""surprise"": 1}"
First 100 in file,43,We like this Store and they stock Tons of different Items for all kinds of Pets,Our cats love this place.,5.0,POSITIVE,joy,anticipation,False,"{""anticipation"": 1, ""joy"": 1}"
First 100 in file,44,Money was loaded on card,Was cute and the money was loaded when it arrived,5.0,POSITIVE,joy,anger,False,"{""joy"": 2, ""anger"": 2, ""trust"": 2, ""surprise"": 2, ""anticipation"": 2}"
First 100 in file,45,👍,👍,5.0,POSITIVE,joy,NO_SIGNAL,False,{}
First 100 in file,46,Love it!!,This is an online gift card nothing to show sorry🤪,5.0,POSITIVE,joy,joy,True,"{""joy"": 2, ""surprise"": 1, ""anticipation"": 1, ""trust"": 1}"
First 100 in file,47,Five Stars,Gift cards are always a hit.,5.0,POSITIVE,joy,anger,False,"{""surprise"": 1, ""joy"": 1, ""anticipation"": 1, ""anger"": 1}"
First 100 in file,48,So cool you can get a free tin with the gift ...,So cool you can get a free tin with the gift card and it comes in 24 hours!! Super awesome. Last year I just printed off the gift cards which looked kind of cheap even though the cards were for substantial amounts. Highly recommend.,5.0,POSITIVE,joy,joy,True,"{""joy"": 4, ""surprise"": 3, ""anticipation"": 3, ""trust"": 2}"
First 100 in file,49,Reccomend,Really easy to load,5.0,POSITIVE,joy,NO_SIGNAL,False,{}
First 100 in file,50,Little sister surprise,"Same gift as her big sister's, this little one can choose the exact thing she most desires and run to the door for three days in anticipation.  A combined birthday and Christmas present for one who knows her own mind.  Good choice!",5.0,POSITIVE,anticipation,anticipation,True,"{""surprise"": 5, ""joy"": 5, ""anticipation"": 5, ""trust"": 2, ""fear"": 1}"
First 100 in file,51,"The added value was great, but no more",Purchasing an Amazon gift card came with an added monetary value but no more.<br /><br />A Bronx cheer for you!,1.0,NEGATIVE,anger,anticipation,False,"{""anticipation"": 3, ""surprise"": 2, ""joy"": 2, ""trust"": 1}"
First 100 in file,52,Perfect gift!,This is near where I work and has a drive through.  Nothing better during these times to give than a gift of good food they can pick up with minimal contact. Gift cards are the way to go these days!,4.0,POSITIVE,joy,joy,True,"{""joy"": 6, ""anticipation"": 5, ""surprise"": 4, ""trust"": 3}"
First 100 in file,53,Great staff appreciation gift!,What better gift during these times than one to treat yourself.  This is a great gift I gave out to my staff and even those who don't read liked the idea of being able to listen to the audiobooks as well as there being content and other media through Audible.,4.0,POSITIVE,joy,joy,True,"{""joy"": 6, ""surprise"": 4, ""anticipation"": 4, ""trust"": 3, ""anger"": 1, ""sadness"": 1, ""disgust"": 1, ""fear"": 1}"
First 100 in file,54,Cute cute cute!,I love the tin! The gift cards can be ordered on different amounts.,5.0,POSITIVE,joy,joy,True,"{""joy"": 2, ""surprise"": 1, ""anticipation"": 1}"
First 100 in file,55,Five Stars,Simple and easy.,5.0,POSITIVE,joy,NO_SIGNAL,False,{}
First 100 in file,56,As described.,Being able to reload the gift card is a time saver.,5.0,POSITIVE,trust,anticipation,False,"{""anticipation"": 2, ""surprise"": 1, ""joy"": 1}"
First 100 in file,57,Perfect gift for any occasion. Let them pick out what they love!,"I mean really, who wouldn't LOVE this?!?  Wonderful gift for any occasion.",5.0,POSITIVE,joy,joy,True,"{""joy"": 6, ""anticipation"": 3, ""surprise"": 3, ""trust"": 2}"
First 100 in file,58,12 year old daughter loved this gift!,Perfect gift for your kids!,5.0,POSITIVE,joy,joy,True,"{""joy"": 4, ""anticipation"": 3, ""surprise"": 2, ""trust"": 1}"
First 100 in file,59,Easy to send to an Amazon shopper,This is a simple gift to friends or family. For me it was easy to setup. Took ok only about 30 seconds. I also redeem Visa gifts by giving the gift card to myself. I like there isnt a fee. I do want Amazon to make some cooler cards with my animation when a receiver gets it.,5.0,POSITIVE,joy,anticipation,False,"{""surprise"": 2, ""joy"": 2, ""anticipation"": 2, ""anger"": 1}"
First 100 in file,60,Rec'd promo from Amazon when reloading gift card.,"Bonus, rec'd a promo from Amazon for reloading gift card.  Yeah.<br /><br />Gift card was posted to my account quickly.",5.0,POSITIVE,joy,anticipation,False,"{""surprise"": 4, ""joy"": 4, ""anticipation"": 4, ""trust"": 1}"
First 100 in file,61,Saves a Little Over time.,Nice way to save a few bucks overtime by reloading your own gift card.,5.0,POSITIVE,joy,anticipation,False,"{""anticipation"": 2, ""joy"": 2, ""trust"": 1, ""surprise"": 1}"
First 100 in file,62,What a great company,"Who wouldn't want an Amazon gift card?  The box foretold the contents, lol.",5.0,POSITIVE,joy,anticipation,False,"{""surprise"": 1, ""joy"": 1, ""anticipation"": 1}"
First 100 in file,63,A problem to use at drive thru's,"I only used the $50 card one time at Burger King. It was difficult to use. Must be run as credit, not as gift card. No remaining balance is given at the end of the transaction. And although it's on me, I misplaced or lost this card after only spending about $6 of it. I was hoping that the seller could provide me with the full card number so that I could at least use it online for other purchases. They failed to respond. I have the receipt from BK, but it only shows the last 4 numbers. There isn't a way of contacting happy cards customer service online that I could figure out. I wish I'd just stuck with credit cards. A lot safer.",1.0,NEGATIVE,anger,trust,False,"{""trust"": 5, ""anticipation"": 3, ""sadness"": 2, ""fear"": 2, ""joy"": 2, ""surprise"": 1}"
First 100 in file,64,A gift card does make a great gift for a tweenager.,"We all know the kid who wants nothing. Or actually wants everything but nothing is good enough. YES,YES,the secret weapon. A AMAZON GIFT CARD!!  You pulled it off. You showed your love and you are the best and greatest. Happy Birthday to just because,You are the BEST!!",5.0,POSITIVE,joy,joy,True,"{""joy"": 7, ""anticipation"": 6, ""surprise"": 5, ""trust"": 3}"
First 100 in file,65,Nice to have,"This comes in  very handy, and makes the guilt less",5.0,POSITIVE,trust,disgust,False,"{""sadness"": 1, ""disgust"": 1}"
First 100 in file,66,Excellent Gift,"Who would not like an Amazon Gift Card?  Makes everyone I give them, happy!",5.0,POSITIVE,joy,joy,True,"{""joy"": 4, ""anticipation"": 3, ""trust"": 2, ""surprise"": 2}"
First 100 in file,67,Yay so easy!,So easy! No scraping!,5.0,POSITIVE,joy,NO_SIGNAL,False,{}
First 100 in file,68,:),easy to use,5.0,POSITIVE,joy,NO_SIGNAL,False,{}
First 100 in file,69,10/10,works great,5.0,POSITIVE,joy,NO_SIGNAL,False,{}
First 100 in file,70,Perfect for a birthday 🎂,Another nice gift box from Amazon. With the world the way it is now I had to send a gift rather than going to a party. And Amazon has a good selection of gift boxes and fast shipping so my nephew was happy when he received the card in the mail.,5.0,POSITIVE,joy,anticipation,False,"{""anticipation"": 8, ""joy"": 7, ""surprise"": 5, ""trust"": 3}"
First 100 in file,71,Perfect!,Bought this for a gift and was very happy it shipped quickly and they received it just in time! Amazon is awesome! 🤩,5.0,POSITIVE,joy,anticipation,False,"{""anticipation"": 4, ""joy"": 3, ""trust"": 2, ""surprise"": 1}"
First 100 in file,72,Gift box nice!,Love the gift box. So much j NB icee than just handing a gift card to the grandkids.,5.0,POSITIVE,joy,joy,True,"{""joy"": 4, ""surprise"": 3, ""anticipation"": 3}"
First 100 in file,73,It was soooo easy,It was a nice way to give a present,5.0,POSITIVE,joy,anticipation,False,"{""surprise"": 1, ""joy"": 1, ""anticipation"": 1, ""trust"": 1}"
First 100 in file,74,great,great buy,5.0,POSITIVE,joy,NO_SIGNAL,False,{}
First 100 in file,75,Amazon Thinks of Everything!,GREAT idea!  I was so happy to have these on hand for the Holidays!,5.0,POSITIVE,joy,anticipation,False,"{""joy"": 1, ""anticipation"": 1, ""trust"": 1}"
First 100 in file,76,Amazon lover giftee?  Buy it!,So gift card for certain sum.  No service fee.  Lively metal gift box - yes..... I said metal.  What is not to love about this???!<br /><br />Well done Amazon.  Well done.,5.0,POSITIVE,joy,joy,True,"{""joy"": 4, ""anticipation"": 3, ""surprise"": 2, ""trust"": 1, ""anger"": 1}"
First 100 in file,77,Timing,Great timing.,5.0,POSITIVE,joy,NO_SIGNAL,False,{}
First 100 in file,78,Was easy to do,Easy to use,5.0,POSITIVE,joy,NO_SIGNAL,False,{}
First 100 in file,79,PENGUINS,So so cute!,5.0,POSITIVE,joy,NO_SIGNAL,False,{}
First 100 in file,80,Believe this is the best gift to give !,The recipient can choose what they want so the giver has less chance of a mistake.,5.0,POSITIVE,joy,anticipation,False,"{""surprise"": 2, ""anticipation"": 2, ""joy"": 1, ""sadness"": 1}"
First 100 in file,81,convenient,A great and convenient gift idea-price is right too!,5.0,POSITIVE,joy,anticipation,False,"{""surprise"": 1, ""joy"": 1, ""anticipation"": 1}"
First 100 in file,82,Five Stars,The gift card came in a pretty box.<br />Thanks Amozan.,5.0,POSITIVE,joy,anticipation,False,"{""joy"": 2, ""anticipation"": 2, ""surprise"": 1, ""trust"": 1}"
First 100 in file,83,Best gift for someone you don’t know what to get,This was for a gift,5.0,POSITIVE,joy,anticipation,False,"{""surprise"": 2, ""joy"": 2, ""anticipation"": 2, ""trust"": 1}"
First 100 in file,84,Great value,Made my shopping much better good value,5.0,POSITIVE,joy,anticipation,False,"{""surprise"": 2, ""joy"": 2, ""anticipation"": 2, ""trust"": 2}"
First 100 in file,85,Sweet gift!,I sent this to my brother and he couldn't stop talking about it. This boxes puts a little more nice into a gift. Very pretty!,5.0,POSITIVE,joy,anticipation,False,"{""joy"": 4, ""anticipation"": 4, ""surprise"": 3, ""trust"": 3}"
First 100 in file,86,Amazing,It can be used for a variety of things.,5.0,POSITIVE,joy,NO_SIGNAL,False,{}
First 100 in file,87,Great Holder,Great holder for gift cards,5.0,POSITIVE,joy,anticipation,False,"{""surprise"": 1, ""joy"": 1, ""anticipation"": 1}"
First 100 in file,88,Gift card,Makes these so easy for any holiday and especially stops buying something people do not like,5.0,POSITIVE,joy,anticipation,False,"{""joy"": 2, ""anticipation"": 2, ""surprise"": 1}"
First 100 in file,89,Starbuck gift card,My friend like the gift card like the sweater for holiday card,5.0,POSITIVE,joy,joy,True,"{""joy"": 4, ""anticipation"": 3, ""surprise"": 2, ""trust"": 1}"
First 100 in file,90,Good litte thank-you gifts,"I'm happy they did not cost me more than their face value to buy. I gave them out as a nice thank you to those who helped me with small things around my house. I sent them in the mail as a surprise, knowing money or gifts was not necessary. I recommend them.",5.0,POSITIVE,joy,anticipation,False,"{""joy"": 4, ""anticipation"": 4, ""trust"": 4, ""surprise"": 3, ""fear"": 1, ""anger"": 1}"
First 100 in file,91,Okay as a gift,"After I bought several I realized I could have sent ""gift"" money via text without the fees or wait.",3.0,NEGATIVE,sadness,anticipation,False,"{""anticipation"": 4, ""surprise"": 3, ""joy"": 3, ""anger"": 1, ""trust"": 1}"
First 100 in file,92,Good gift,"Those who already have everything, they can buy an audible book, an old rerun of a favorite movie, some little thing they may want, or whatever as a gift for any occasion. I recommend.",5.0,POSITIVE,joy,joy,True,"{""joy"": 4, ""surprise"": 3, ""anticipation"": 3, ""trust"": 3}"
First 100 in file,93,So convenient.,"Arrived on time, in perfect shape, and best of all the person receiving the gift can buy whatever they want. One size fits all!",5.0,POSITIVE,joy,anticipation,False,"{""anticipation"": 4, ""joy"": 3, ""surprise"": 2, ""trust"": 1, ""anger"": 1}"
First 100 in file,94,Just what was ordered.,Made holiday shopping easy!,5.0,POSITIVE,joy,anticipation,False,"{""joy"": 2, ""anticipation"": 2, ""surprise"": 1, ""trust"": 1}"
First 100 in file,95,Can Do It From Home,Usually I either receive an Amazon gift card as a birthday and/or Christmas gift or I purchase them at a store. Then it's very easy to add the amount to my gift card balance using my cell phone. Well I was stuck inside for several days due to a blizzard and I bought quite a few books then due to a travel ban I could not go to the store to purchase a gift card.<br />So after checking my Gift Card Balance I saw that I had overindulged and it needed to be topped up. One of the options under Manage Your Balance was to Reload Your Balance. I had never used this option but decided to try it. It was so easy to do and I didn't have to leave the comfort of my home. I will be using it again in the future.,5.0,POSITIVE,joy,anticipation,False,"{""anticipation"": 9, ""surprise"": 7, ""joy"": 7, ""trust"": 2, ""sadness"": 1}"
First 100 in file,96,Love it!,Love my card!!,5.0,POSITIVE,joy,joy,True,"{""joy"": 2}"
First 100 in file,97,Easy to use,It’s easy to use and very convenient. I would definitely consider refill more in the future,5.0,POSITIVE,joy,NO_SIGNAL,False,{}
First 100 in file,98,Easy to use,Very easy to use. I wish I knew about it earlier,3.0,NEGATIVE,joy,NO_SIGNAL,False,{}
First 100 in file,99,Perfect gift sent I a lovely container,Sent in a lovely container,5.0,POSITIVE,joy,anticipation,False,"{""joy"": 4, ""anticipation"": 4, ""trust"": 3, ""surprise"": 3, ""sadness"": 2}"
